naverPlaceId,name,category,address,lat,lng,reviewCount,votedTotal,voterCount,tagCount,tags(tag:count;...)
2031951701,피지피지,이탈리아음식,와우산로17길 19-18 1층,37.5495591,126.9213205,534,,,36,음식이 맛있어요:436;인테리어가 멋져요:355;매장이 넓어요:323;재료가 신선해요:248;친절해요:147;특별한 메뉴가 있어요:120;매장이 청결해요:77;양이 많아요:67;단체모임 하기 좋아요:63;뷰가 좋아요:38;가성비가 좋아요:32;야외공간이 멋져요:27;사진이 잘 나와요:24;컨셉이 독특해요:19;메뉴 구성이 알차요:13;특별한 날 가기 좋아요:12;화장실이 깨끗해요:11;음식이 빨리 나와요:9;대화하기 좋아요:9;건강한 맛이에요:5;아늑해요:4;혼밥하기 좋아요:4;현지 맛에 가까워요:4;음악이 좋아요:4;디저트가 맛있어요:3;좌석이 편해요:2;직접 잘 구워줘요:2;환기가 잘 돼요:2;차분한 분위기예요:1;음료가 맛있어요:1;고기 질이 좋아요:1;주차하기 편해요:1;반려동물과 가기 좋아요:1;비싼 만큼 가치있어요:1;반찬이 잘 나와요:1;오래 머무르기 좋아요:1
2004817631,아임도넛 홍대점,도넛,와우산로21길 14 1층,37.5524875,126.9231522,9,,,14,디저트가 맛있어요:9;특별한 메뉴가 있어요:6;인테리어가 멋져요:5;친절해요:5;매장이 청결해요:4;종류가 다양해요:3;가성비가 좋아요:2;빵이 맛있어요:1;컨셉이 독특해요:1;아늑해요:1;음식이 맛있어요:1;메뉴 구성이 알차요:1;사진이 잘 나와요:1;뷰가 좋아요:1
2069910314,도깨비집 홍대,요리주점,"와우산로 71 1층, 2층",37.5508499,126.9228799,1205,,,35,음식이 맛있어요:982;기본 안주가 좋아요:541;음악이 좋아요:376;술이 다양해요:297;가성비가 좋아요:289;인테리어가 멋져요:281;대화하기 좋아요:204;특별한 메뉴가 있어요:201;친절해요:195;단체모임 하기 좋아요:132;매장이 청결해요:112;매장이 넓어요:77;양이 많아요:68;메뉴 구성이 알차요:61;화장실이 깨끗해요:43;재료가 신선해요:16;오래 머무르기 좋아요:16;음식이 빨리 나와요:9;음료가 맛있어요:7;파티하기 좋아요:5;혼술하기 좋아요:4;컨셉이 독특해요:3;차분한 분위기예요:2;좌석이 편해요:2;코스요리가 알차요:2;아늑해요:2;디저트가 맛있어요:2;야외공간이 멋져요:2;주차하기 편해요:2;사진이 잘 나와요:2;혼밥하기 좋아요:1;룸이 잘 되어있어요:1;특별한 날 가기 좋아요:1;집중하기 좋아요:1;뷰가 좋아요:1
2051676381,국보감 홍대본점,"음식점, 한식",서울특별시 마포구 와우산로21길 21 1층,37.552314,126.9226474,277,,,32,음식이 맛있어요:431;재료가 신선해요:218;양이 많아요:195;친절해요:135;매장이 넓어요:125;가성비가 좋아요:103;매장이 청결해요:85;혼밥하기 좋아요:83;인테리어가 멋져요:72;특별한 메뉴가 있어요:50;단체모임 하기 좋아요:47;고기 질이 좋아요:20;메뉴 구성이 알차요:17;대화하기 좋아요:13;잡내가 적어요:12;반찬이 잘 나와요:11;음식이 빨리 나와요:9;건강한 맛이에요:9;혼술하기 좋아요:5;현지 맛에 가까워요:5;아늑해요:4;좌석이 편해요:3;기본 안주가 좋아요:3;화장실이 깨끗해요:3;차분한 분위기예요:2;음료가 맛있어요:2;술이 다양해요:1;음악이 좋아요:1;야외공간이 멋져요:1;사진이 잘 나와요:1;직접 잘 구워줘요:1;집중하기 좋아요:1
56228015,우와 홍대본점,"일식, 일식당",서울특별시 마포구 와우산로21길 21-16 2층,37.5517143,126.9222234,4204,,,38,음식이 맛있어요:2823;특별한 메뉴가 있어요:1632;재료가 신선해요:1461;친절해요:964;양이 많아요:753;가성비가 좋아요:536;인테리어가 멋져요:518;아늑해요:363;매장이 청결해요:298;컨셉이 독특해요:256;특별한 날 가기 좋아요:174;건강한 맛이에요:172;매장이 넓어요:146;음악이 좋아요:129;사진이 잘 나와요:123;메뉴 구성이 알차요:101;혼밥하기 좋아요:77;화장실이 깨끗해요:64;음식이 빨리 나와요:63;대화하기 좋아요:48;단체모임 하기 좋아요:41;직접 잘 구워줘요:34;향신료가 강하지 않아요:33;혼술하기 좋아요:28;현지 맛에 가까워요:20;술이 다양해요:19;차분한 분위기예요:15;비싼 만큼 가치있어요:15;뷰가 좋아요:15;음료가 맛있어요:14;고기 질이 좋아요:14;주차하기 편해요:12;기본 안주가 좋아요:10;잡내가 적어요:5;반찬이 잘 나와요:5;좌석이 편해요:4;환기가 잘 돼요:3;코스요리가 알차요:1
1967209597,하카타 호르몬,"한식, 육류,고기요리",서울특별시 마포구 독막로5길 26 1층,37.5491347,126.9185676,593,,,37,음식이 맛있어요:869;고기 질이 좋아요:457;친절해요:442;특별한 메뉴가 있어요:274;재료가 신선해요:267;인테리어가 멋져요:206;매장이 청결해요:195;양이 많아요:166;직접 잘 구워줘요:162;혼밥하기 좋아요:102;매장이 넓어요:91;가성비가 좋아요:87;특별한 날 가기 좋아요:82;메뉴 구성이 알차요:60;차분한 분위기예요:58;아늑해요:43;비싼 만큼 가치있어요:27;단체모임 하기 좋아요:25;코스요리가 알차요:19;잡내가 적어요:18;대화하기 좋아요:18;화장실이 깨끗해요:14;컨셉이 독특해요:13;주차하기 편해요:13;현지 맛에 가까워요:8;음식이 빨리 나와요:6;건강한 맛이에요:6;뷰가 좋아요:6;술이 다양해요:5;반찬이 잘 나와요:4;환기가 잘 돼요:4;혼술하기 좋아요:3;사진이 잘 나와요:2;오래 머무르기 좋아요:2;음료가 맛있어요:1;아이와 가기 좋아요:1;집중하기 좋아요:1
1605124064,시오 합정점,"일식, 일식당",서울특별시 마포구 독막로2길 30 1층,37.5472597,126.9143486,1017,,,40,음식이 맛있어요:2326;재료가 신선해요:1026;인테리어가 멋져요:964;양이 많아요:934;특별한 메뉴가 있어요:808;친절해요:716;매장이 넓어요:403;매장이 청결해요:340;메뉴 구성이 알차요:175;가성비가 좋아요:150;혼밥하기 좋아요:135;반찬이 잘 나와요:132;아늑해요:123;대화하기 좋아요:73;특별한 날 가기 좋아요:66;단체모임 하기 좋아요:55;차분한 분위기예요:50;뷰가 좋아요:46;음악이 좋아요:42;건강한 맛이에요:29;화장실이 깨끗해요:26;사진이 잘 나와요:24;고기 질이 좋아요:13;비싼 만큼 가치있어요:12;음료가 맛있어요:11;현지 맛에 가까워요:10;잡내가 적어요:7;컨셉이 독특해요:5;주차하기 편해요:5;코스요리가 알차요:4;음식이 빨리 나와요:4;좌석이 편해요:3;아이와 가기 좋아요:2;집중하기 좋아요:2;커피가 맛있어요:1;디저트가 맛있어요:1;혼술하기 좋아요:1;룸이 잘 되어있어요:1;향신료가 강하지 않아요:1;환기가 잘 돼요:1
1536277313,해옫 합정,"음식점, 양식",서울특별시 마포구 독막로8길 30 1층,37.546616,126.9176238,1547,,,47,음식이 맛있어요:3377;특별한 메뉴가 있어요:2553;인테리어가 멋져요:2315;친절해요:2132;종류가 다양해요:1321;디저트가 맛있어요:1159;매장이 청결해요:1149;대화하기 좋아요:1066;커피가 맛있어요:1022;사진이 잘 나와요:835;재료가 신선해요:816;메뉴 구성이 알차요:802;가성비가 좋아요:704;뷰가 좋아요:613;양이 많아요:593;아늑해요:367;야외공간이 멋져요:301;매장이 넓어요:290;음료가 맛있어요:248;음악이 좋아요:219;단체모임 하기 좋아요:171;차분한 분위기예요:156;특별한 날 가기 좋아요:154;비싼 만큼 가치있어요:127;빵이 맛있어요:126;반려동물과 가기 좋아요:114;건강한 맛이에요:85;혼밥하기 좋아요:78;음식이 빨리 나와요:67;화장실이 깨끗해요:51;좌석이 편해요:30;주차하기 편해요:25;고기 질이 좋아요:22;코스요리가 알차요:20;집중하기 좋아요:16;아이와 가기 좋아요:14;컨셉이 독특해요:9;오래 머무르기 좋아요:9;환기가 잘 돼요:5;술이 다양해요:4;주문제작을 잘해줘요:4;기본 안주가 좋아요:4;룸이 잘 되어있어요:3;차가 맛있어요:3;직접 잘 구워줘요:2;잡내가 적어요:1;파티하기 좋아요:1
1593016664,어반플랜트 합정,브런치카페,독막로6길 35 어반플랜트 합정,37.5464712,126.9170914,8467,31863,7801,46,인테리어가 멋져요:5929;커피가 맛있어요:3637;친절해요:2690;사진이 잘 나와요:2500;음료가 맛있어요:2394;대화하기 좋아요:2353;디저트가 맛있어요:2020;특별한 메뉴가 있어요:1392;음식이 맛있어요:1144;뷰가 좋아요:1092;매장이 넓어요:976;매장이 청결해요:839;건강한 맛이에요:581;집중하기 좋아요:524;아늑해요:521;재료가 신선해요:456;컨셉이 독특해요:447;야외공간이 멋져요:291;가성비가 좋아요:270;메뉴 구성이 알차요:259;음악이 좋아요:256;차분한 분위기예요:249;화장실이 깨끗해요:177;특별한 날 가기 좋아요:158;양이 많아요:117;종류가 다양해요:86;차가 맛있어요:75;단체모임 하기 좋아요:73;오래 머무르기 좋아요:69;비싼 만큼 가치있어요:54;좌석이 편해요:53;빵이 맛있어요:47;음식이 빨리 나와요:39;반려동물과 가기 좋아요:39;혼밥하기 좋아요:15;룸이 잘 되어있어요:12;주차하기 편해요:8;아이와 가기 좋아요:7;술이 다양해요:3;기본 안주가 좋아요:3;주문제작을 잘해줘요:2;선물하기 좋아요:2;읽을만한 책이 많아요:1;코스요리가 알차요:1;혼술하기 좋아요:1;파티하기 좋아요:1
1006983247,피그바,"육류,고기요리",독막로3길 28-7 1층,37.5495161,126.9174996,1706,6672,1533,31,음식이 맛있어요:1520;고기 질이 좋아요:1289;친절해요:702;인테리어가 멋져요:518;직접 잘 구워줘요:444;매장이 청결해요:338;가성비가 좋아요:305;특별한 메뉴가 있어요:280;양이 많아요:210;재료가 신선해요:175;반찬이 잘 나와요:136;잡내가 적어요:128;단체모임 하기 좋아요:126;메뉴 구성이 알차요:94;아늑해요:88;매장이 넓어요:86;컨셉이 독특해요:51;특별한 날 가기 좋아요:33;화장실이 깨끗해요:33;음식이 빨리 나와요:25;차분한 분위기예요:20;뷰가 좋아요:19;건강한 맛이에요:15;혼밥하기 좋아요:11;비싼 만큼 가치있어요:9;환기가 잘 돼요:5;주차하기 편해요:4;좌석이 편해요:2;코스요리가 알차요:2;룸이 잘 되어있어요:2;오래 머무르기 좋아요:2
2060110285,봉마루집 합정점,한식,양화로6길 103 1층,37.5484202,126.9198559,734,2896,706,37,음식이 맛있어요:683;재료가 신선해요:369;매장이 넓어요:333;친절해요:249;가성비가 좋아요:233;매장이 청결해요:185;대화하기 좋아요:132;차분한 분위기예요:106;양이 많아요:87;잡내가 적어요:67;단체모임 하기 좋아요:66;특별한 메뉴가 있어요:48;인테리어가 멋져요:43;메뉴 구성이 알차요:39;비싼 만큼 가치있어요:38;반찬이 잘 나와요:38;음악이 좋아요:31;고기 질이 좋아요:30;음식이 빨리 나와요:21;아늑해요:19;뷰가 좋아요:15;음료가 맛있어요:14;건강한 맛이에요:12;룸이 잘 되어있어요:6;특별한 날 가기 좋아요:6;기본 안주가 좋아요:4;야외공간이 멋져요:3;사진이 잘 나와요:3;오래 머무르기 좋아요:3;화장실이 깨끗해요:3;좌석이 편해요:2;혼밥하기 좋아요:2;환기가 잘 돼요:2;술이 다양해요:1;아이와 가기 좋아요:1;현지 맛에 가까워요:1;향신료가 강하지 않아요:1
1544497437,동백가옥 합정점,요리주점,양화로6길 38 1층 동백가옥 합정점,37.5488525,126.9162338,3398,12619,3263,37,음식이 맛있어요:2911;인테리어가 멋져요:1398;특별한 메뉴가 있어요:1356;술이 다양해요:1164;기본 안주가 좋아요:1025;음악이 좋아요:920;친절해요:735;대화하기 좋아요:678;매장이 청결해요:331;단체모임 하기 좋아요:279;메뉴 구성이 알차요:244;가성비가 좋아요:207;양이 많아요:198;뷰가 좋아요:105;재료가 신선해요:94;컨셉이 독특해요:90;사진이 잘 나와요:86;아늑해요:79;매장이 넓어요:77;야외공간이 멋져요:67;음료가 맛있어요:61;비싼 만큼 가치있어요:61;화장실이 깨끗해요:51;차분한 분위기예요:48;건강한 맛이에요:45;혼술하기 좋아요:44;코스요리가 알차요:40;디저트가 맛있어요:35;라이브공연이 훌륭해요:33;집중하기 좋아요:33;음식이 빨리 나와요:30;커피가 맛있어요:25;혼밥하기 좋아요:22;오래 머무르기 좋아요:21;특별한 날 가기 좋아요:14;좌석이 편해요:6;주차하기 편해요:6
1868930649,김숙성 합정점,"육류,고기요리",양화로8길 38 1층,37.549099,126.9166848,3166,12664,3050,32,음식이 맛있어요:2853;고기 질이 좋아요:2693;친절해요:1107;직접 잘 구워줘요:1027;양이 많아요:751;특별한 메뉴가 있어요:704;인테리어가 멋져요:543;매장이 넓어요:377;재료가 신선해요:330;반찬이 잘 나와요:322;매장이 청결해요:303;메뉴 구성이 알차요:301;가성비가 좋아요:255;단체모임 하기 좋아요:244;잡내가 적어요:157;야외공간이 멋져요:139;뷰가 좋아요:93;아늑해요:86;컨셉이 독특해요:77;건강한 맛이에요:56;혼밥하기 좋아요:55;음식이 빨리 나와요:54;비싼 만큼 가치있어요:40;코스요리가 알차요:29;차분한 분위기예요:26;환기가 잘 돼요:18;화장실이 깨끗해요:11;특별한 날 가기 좋아요:6;좌석이 편해요:2;아이와 가기 좋아요:2;주차하기 편해요:2;오래 머무르기 좋아요:1
2034963357,대목,"육류,고기요리","양화로6길 51 1층, 2층",37.5489368,126.9171895,442,1878,416,34,음식이 맛있어요:400;고기 질이 좋아요:311;인테리어가 멋져요:275;매장이 넓어요:190;친절해요:110;단체모임 하기 좋아요:94;매장이 청결해요:77;재료가 신선해요:70;특별한 메뉴가 있어요:66;양이 많아요:62;직접 잘 구워줘요:49;반찬이 잘 나와요:22;차분한 분위기예요:20;메뉴 구성이 알차요:19;뷰가 좋아요:18;야외공간이 멋져요:16;비싼 만큼 가치있어요:14;가성비가 좋아요:13;아늑해요:11;잡내가 적어요:8;혼밥하기 좋아요:7;좌석이 편해요:4;특별한 날 가기 좋아요:4;룸이 잘 되어있어요:3;화장실이 깨끗해요:3;사진이 잘 나와요:2;오래 머무르기 좋아요:2;환기가 잘 돼요:2;컨셉이 독특해요:1;음식이 빨리 나와요:1;아이와 가기 좋아요:1;음악이 좋아요:1;주차하기 편해요:1;집중하기 좋아요:1
1837437884,토리비 합정점,이자카야,독막로 31-3 1층 101호,37.5485147,126.9170096,3164,12816,3020,34,음식이 맛있어요:2852;기본 안주가 좋아요:2213;가성비가 좋아요:1375;술이 다양해요:963;인테리어가 멋져요:883;친절해요:877;대화하기 좋아요:817;특별한 메뉴가 있어요:753;음악이 좋아요:735;매장이 청결해요:360;메뉴 구성이 알차요:201;혼술하기 좋아요:182;아늑해요:130;단체모임 하기 좋아요:89;음식이 빨리 나와요:80;재료가 신선해요:39;사진이 잘 나와요:38;매장이 넓어요:37;오래 머무르기 좋아요:29;음료가 맛있어요:25;화장실이 깨끗해요:25;차분한 분위기예요:22;컨셉이 독특해요:18;뷰가 좋아요:18;양이 많아요:10;야외공간이 멋져요:10;건강한 맛이에요:10;좌석이 편해요:7;혼밥하기 좋아요:5;주차하기 편해요:5;디저트가 맛있어요:3;비싼 만큼 가치있어요:2;집중하기 좋아요:2;코스요리가 알차요:1
1141833339,디벙크,"카페,디저트",성지1길 30 더보이드빌딩 지하1층,37.547935,126.915129,649,1680,565,29,커피가 맛있어요:306;인테리어가 멋져요:284;디저트가 맛있어요:199;집중하기 좋아요:179;대화하기 좋아요:149;음료가 맛있어요:113;매장이 청결해요:84;친절해요:59;사진이 잘 나와요:48;특별한 메뉴가 있어요:46;좌석이 편해요:45;매장이 넓어요:41;화장실이 깨끗해요:35;음악이 좋아요:17;가성비가 좋아요:17;차분한 분위기예요:12;아늑해요:11;오래 머무르기 좋아요:8;컨셉이 독특해요:4;주차하기 편해요:4;단체모임 하기 좋아요:4;종류가 다양해요:3;뷰가 좋아요:3;양이 많아요:2;비싼 만큼 가치있어요:2;차가 맛있어요:2;빵이 맛있어요:1;메뉴 구성이 알차요:1;파티하기 좋아요:1
2021917813,회사원 활어수산,생선회,독막로9길 5 1층,37.5486896,126.9195165,673,2322,562,36,음식이 맛있어요:562;재료가 신선해요:408;친절해요:242;인테리어가 멋져요:201;양이 많아요:177;특별한 메뉴가 있어요:152;매장이 청결해요:98;가성비가 좋아요:81;메뉴 구성이 알차요:76;매장이 넓어요:63;단체모임 하기 좋아요:36;화장실이 깨끗해요:32;음악이 좋아요:31;대화하기 좋아요:22;야외공간이 멋져요:17;뷰가 좋아요:16;반찬이 잘 나와요:15;기본 안주가 좋아요:12;잡내가 적어요:11;컨셉이 독특해요:9;사진이 잘 나와요:9;코스요리가 알차요:8;아늑해요:8;고기 질이 좋아요:7;비싼 만큼 가치있어요:7;차분한 분위기예요:4;좌석이 편해요:4;음식이 빨리 나와요:4;특별한 날 가기 좋아요:3;술이 다양해요:1;커피가 맛있어요:1;혼밥하기 좋아요:1;현지 맛에 가까워요:1;오래 머무르기 좋아요:1;건강한 맛이에요:1;환기가 잘 돼요:1
20713591,홍대간장게장 홍일품,게요리,독막로 47-1 홍대간장게장 홍일품,37.54808,126.9187172,3798,12749,3340,37,음식이 맛있어요:3107;재료가 신선해요:1901;양이 많아요:1804;가성비가 좋아요:1781;친절해요:1284;메뉴 구성이 알차요:617;매장이 청결해요:520;특별한 메뉴가 있어요:244;대화하기 좋아요:232;매장이 넓어요:228;음식이 빨리 나와요:164;인테리어가 멋져요:164;차분한 분위기예요:122;아늑해요:119;화장실이 깨끗해요:87;단체모임 하기 좋아요:78;특별한 날 가기 좋아요:45;건강한 맛이에요:40;혼밥하기 좋아요:38;반찬이 잘 나와요:37;잡내가 적어요:36;뷰가 좋아요:19;비싼 만큼 가치있어요:17;사진이 잘 나와요:16;음악이 좋아요:12;현지 맛에 가까워요:6;코스요리가 알차요:5;주차하기 편해요:5;기본 안주가 좋아요:5;좌석이 편해요:4;고기 질이 좋아요:4;향신료가 강하지 않아요:2;환기가 잘 돼요:2;술이 다양해요:1;아이와 가기 좋아요:1;오래 머무르기 좋아요:1;집중하기 좋아요:1
1793807845,깃뜰 홍대본점,"육류,고기요리","잔다리로3안길 27 1, 2층",37.5504106,126.9197919,6915,28354,6508,33,음식이 맛있어요:6319;고기 질이 좋아요:5901;인테리어가 멋져요:3153;친절해요:2298;매장이 넓어요:2209;직접 잘 구워줘요:1526;양이 많아요:1193;특별한 메뉴가 있어요:1152;단체모임 하기 좋아요:907;매장이 청결해요:713;반찬이 잘 나와요:540;재료가 신선해요:530;가성비가 좋아요:296;메뉴 구성이 알차요:279;뷰가 좋아요:224;차분한 분위기예요:185;잡내가 적어요:183;아늑해요:131;건강한 맛이에요:129;비싼 만큼 가치있어요:127;혼밥하기 좋아요:95;특별한 날 가기 좋아요:64;컨셉이 독특해요:57;야외공간이 멋져요:35;음식이 빨리 나와요:30;주차하기 편해요:15;좌석이 편해요:12;룸이 잘 되어있어요:12;환기가 잘 돼요:11;코스요리가 알차요:8;아이와 가기 좋아요:8;화장실이 깨끗해요:8;오래 머무르기 좋아요:4
1813916611,호맥 합정점,"맥주,호프",독막로5길 5 대웅빌딩 1층 호맥,37.5484775,126.9179106,5440,18257,4782,39,음식이 맛있어요:4271;기본 안주가 좋아요:2282;술이 다양해요:1926;인테리어가 멋져요:1896;특별한 메뉴가 있어요:1638;친절해요:1417;대화하기 좋아요:1311;음악이 좋아요:1026;가성비가 좋아요:635;매장이 청결해요:400;단체모임 하기 좋아요:374;매장이 넓어요:185;메뉴 구성이 알차요:128;아늑해요:105;오래 머무르기 좋아요:94;컨셉이 독특해요:57;음료가 맛있어요:55;화장실이 깨끗해요:54;뷰가 좋아요:54;음식이 빨리 나와요:53;디저트가 맛있어요:50;좌석이 편해요:48;사진이 잘 나와요:45;혼술하기 좋아요:42;야외공간이 멋져요:23;양이 많아요:16;차분한 분위기예요:12;비싼 만큼 가치있어요:12;주차하기 편해요:11;건강한 맛이에요:10;재료가 신선해요:8;특별한 날 가기 좋아요:6;아이와 가기 좋아요:3;파티하기 좋아요:3;커피가 맛있어요:2;룸이 잘 되어있어요:2;혼밥하기 좋아요:1;반려동물과 가기 좋아요:1;집중하기 좋아요:1
814481697,오레노라멘 본점,일본식라면,독막로8길 16 1층 오레노라멘,37.5472309,126.9178414,5391,10340,3519,36,음식이 맛있어요:3291;친절해요:1224;양이 많아요:1191;특별한 메뉴가 있어요:988;혼밥하기 좋아요:946;재료가 신선해요:721;매장이 청결해요:588;가성비가 좋아요:541;매장이 넓어요:223;인테리어가 멋져요:143;음식이 빨리 나와요:86;특별한 날 가기 좋아요:45;건강한 맛이에요:37;화장실이 깨끗해요:37;뷰가 좋아요:34;잡내가 적어요:33;현지 맛에 가까워요:33;메뉴 구성이 알차요:24;단체모임 하기 좋아요:24;비싼 만큼 가치있어요:23;고기 질이 좋아요:21;차분한 분위기예요:19;아늑해요:19;대화하기 좋아요:18;주차하기 편해요:8;좌석이 편해요:4;컨셉이 독특해요:3;혼술하기 좋아요:3;음악이 좋아요:3;향신료가 강하지 않아요:3;반찬이 잘 나와요:2;음료가 맛있어요:1;아이와 가기 좋아요:1;사진이 잘 나와요:1;기본 안주가 좋아요:1;환기가 잘 돼요:1
36785829,팔로피자,이탈리아음식,양화로6길 9-20 카메오빌딩,37.5498886,126.9156166,1141,1902,618,28,음식이 맛있어요:580;재료가 신선해요:280;특별한 메뉴가 있어요:196;인테리어가 멋져요:174;친절해요:152;양이 많아요:93;매장이 청결해요:64;매장이 넓어요:60;가성비가 좋아요:54;특별한 날 가기 좋아요:53;단체모임 하기 좋아요:37;아늑해요:26;화장실이 깨끗해요:23;혼밥하기 좋아요:21;대화하기 좋아요:17;메뉴 구성이 알차요:16;현지 맛에 가까워요:12;차분한 분위기예요:10;건강한 맛이에요:10;비싼 만큼 가치있어요:5;뷰가 좋아요:5;주차하기 편해요:3;컨셉이 독특해요:2;음식이 빨리 나와요:2;음악이 좋아요:2;사진이 잘 나와요:2;직접 잘 구워줘요:2;음료가 맛있어요:1
1700484018,멕시코식당,"음식점, 멕시코,남미음식",서울특별시 마포구 독막로2길 23 1층 합정 멕시코식당,37.5475044,126.9145776,2183,16500,4773,42,음식이 맛있어요:4626;특별한 메뉴가 있어요:2236;재료가 신선해요:1846;친절해요:1647;인테리어가 멋져요:1544;양이 많아요:1116;매장이 청결해요:647;매장이 넓어요:403;가성비가 좋아요:348;메뉴 구성이 알차요:343;음악이 좋아요:166;혼밥하기 좋아요:157;현지 맛에 가까워요:155;아늑해요:144;음식이 빨리 나와요:143;특별한 날 가기 좋아요:124;대화하기 좋아요:115;단체모임 하기 좋아요:113;뷰가 좋아요:94;컨셉이 독특해요:76;건강한 맛이에요:66;주차하기 편해요:61;향신료가 강하지 않아요:57;사진이 잘 나와요:46;화장실이 깨끗해요:40;비싼 만큼 가치있어요:31;고기 질이 좋아요:28;차분한 분위기예요:25;코스요리가 알차요:24;음료가 맛있어요:17;잡내가 적어요:16;좌석이 편해요:15;환기가 잘 돼요:7;혼술하기 좋아요:5;술이 다양해요:4;야외공간이 멋져요:4;기본 안주가 좋아요:3;반찬이 잘 나와요:2;직접 잘 구워줘요:2;집중하기 좋아요:2;포장이 깔끔해요:1;오래 머무르기 좋아요:1
1836765337,스케줄합정,양식,양화로6길 33 1층,37.5490726,126.9160549,3429,9377,2657,44,음식이 맛있어요:1869;인테리어가 멋져요:1395;재료가 신선해요:664;특별한 메뉴가 있어요:623;대화하기 좋아요:601;친절해요:584;특별한 날 가기 좋아요:460;아늑해요:399;사진이 잘 나와요:378;단체모임 하기 좋아요:376;비싼 만큼 가치있어요:369;매장이 청결해요:286;매장이 넓어요:194;디저트가 맛있어요:126;뷰가 좋아요:94;가성비가 좋아요:78;오래 머무르기 좋아요:67;양이 많아요:66;차분한 분위기예요:61;메뉴 구성이 알차요:57;음악이 좋아요:52;음료가 맛있어요:39;고기 질이 좋아요:39;야외공간이 멋져요:38;컨셉이 독특해요:36;혼밥하기 좋아요:35;현지 맛에 가까워요:32;향신료가 강하지 않아요:31;건강한 맛이에요:31;반찬이 잘 나와요:30;집중하기 좋아요:30;커피가 맛있어요:29;잡내가 적어요:29;기본 안주가 좋아요:29;룸이 잘 되어있어요:28;코스요리가 알차요:25;혼술하기 좋아요:25;술이 다양해요:20;화장실이 깨끗해요:19;음식이 빨리 나와요:11;좌석이 편해요:10;주차하기 편해요:7;환기가 잘 돼요:3;아이와 가기 좋아요:2
2010614292,라멘바 시코우,일본식라면,와우산로7길 33 1층 101호,37.5473426,126.9210466,50,150,37,21,음식이 맛있어요:44;혼밥하기 좋아요:22;특별한 메뉴가 있어요:13;재료가 신선해요:12;친절해요:12;매장이 청결해요:9;현지 맛에 가까워요:7;차분한 분위기예요:4;인테리어가 멋져요:4;비싼 만큼 가치있어요:4;양이 많아요:3;집중하기 좋아요:3;아늑해요:2;고기 질이 좋아요:2;음악이 좋아요:2;화장실이 깨끗해요:2;잡내가 적어요:1;사진이 잘 나와요:1;가성비가 좋아요:1;특별한 날 가기 좋아요:1;직접 잘 구워줘요:1
1212665407,백소정 홍대합정점,일식당,독막로7길 51 2층,37.5500804,126.9198106,4874,20773,4312,44,음식이 맛있어요:4150;매장이 넓어요:2298;친절해요:2078;매장이 청결해요:1928;양이 많아요:1843;재료가 신선해요:1810;가성비가 좋아요:1371;혼밥하기 좋아요:1323;인테리어가 멋져요:1095;특별한 메뉴가 있어요:1064;뷰가 좋아요:309;단체모임 하기 좋아요:275;메뉴 구성이 알차요:256;화장실이 깨끗해요:229;특별한 날 가기 좋아요:160;아늑해요:86;대화하기 좋아요:77;반찬이 잘 나와요:69;차분한 분위기예요:55;음식이 빨리 나와요:46;고기 질이 좋아요:45;음악이 좋아요:36;주차하기 편해요:28;건강한 맛이에요:27;좌석이 편해요:23;아이와 가기 좋아요:18;비싼 만큼 가치있어요:14;잡내가 적어요:13;사진이 잘 나와요:10;현지 맛에 가까워요:5;오래 머무르기 좋아요:5;컨셉이 독특해요:4;야외공간이 멋져요:4;코스요리가 알차요:3;기본 안주가 좋아요:3;음료가 맛있어요:2;룸이 잘 되어있어요:2;향신료가 강하지 않아요:2;환기가 잘 돼요:2;술이 다양해요:1;커피가 맛있어요:1;반려동물과 가기 좋아요:1;샐러드바가 잘 되어있어요:1;집중하기 좋아요:1
2031793748,조연탄 합정점,"육류,고기요리",양화로8길 13 지1층,37.5501633,126.9162,918,3833,848,28,음식이 맛있어요:804;고기 질이 좋아요:699;양이 많아요:316;친절해요:297;가성비가 좋아요:263;재료가 신선해요:244;인테리어가 멋져요:244;직접 잘 구워줘요:220;매장이 넓어요:161;단체모임 하기 좋아요:133;매장이 청결해요:123;메뉴 구성이 알차요:64;반찬이 잘 나와요:56;컨셉이 독특해요:49;특별한 메뉴가 있어요:43;잡내가 적어요:31;아늑해요:20;오래 머무르기 좋아요:12;차분한 분위기예요:10;화장실이 깨끗해요:9;음식이 빨리 나와요:8;주차하기 편해요:8;건강한 맛이에요:8;비싼 만큼 가치있어요:4;코스요리가 알차요:2;야외공간이 멋져요:2;환기가 잘 돼요:2;아이와 가기 좋아요:1
1648798478,다독이네 숯불구이 홍대합정점,돼지고기구이,독막로3길 28 1층 다독이네 숯불구이 홍대합정점,37.5494402,126.9172596,1357,5136,1237,31,음식이 맛있어요:1132;고기 질이 좋아요:777;친절해요:726;직접 잘 구워줘요:392;매장이 청결해요:327;특별한 메뉴가 있어요:305;가성비가 좋아요:248;매장이 넓어요:226;재료가 신선해요:225;양이 많아요:189;인테리어가 멋져요:147;단체모임 하기 좋아요:110;반찬이 잘 나와요:103;메뉴 구성이 알차요:60;잡내가 적어요:36;혼밥하기 좋아요:22;뷰가 좋아요:19;주차하기 편해요:14;특별한 날 가기 좋아요:14;화장실이 깨끗해요:13;음식이 빨리 나와요:11;아늑해요:9;건강한 맛이에요:8;야외공간이 멋져요:6;환기가 잘 돼요:5;차분한 분위기예요:4;오래 머무르기 좋아요:4;좌석이 편해요:1;컨셉이 독특해요:1;아이와 가기 좋아요:1;비싼 만큼 가치있어요:1
2097765706,연막창 합정홍대점,"곱창,막창,양",양화로6길 65 1층,37.5486859,126.9177949,1268,4900,1219,32,음식이 맛있어요:1209;고기 질이 좋아요:805;친절해요:490;특별한 메뉴가 있어요:297;매장이 청결해요:291;양이 많아요:286;매장이 넓어요:227;인테리어가 멋져요:190;잡내가 적어요:190;가성비가 좋아요:189;재료가 신선해요:145;직접 잘 구워줘요:113;메뉴 구성이 알차요:100;단체모임 하기 좋아요:96;반찬이 잘 나와요:84;음식이 빨리 나와요:53;아늑해요:39;뷰가 좋아요:17;혼밥하기 좋아요:15;컨셉이 독특해요:13;건강한 맛이에요:9;환기가 잘 돼요:9;차분한 분위기예요:7;화장실이 깨끗해요:7;비싼 만큼 가치있어요:4;코스요리가 알차요:3;야외공간이 멋져요:3;특별한 날 가기 좋아요:3;좌석이 편해요:2;오래 머무르기 좋아요:2;아이와 가기 좋아요:1;주차하기 편해요:1
1110516674,로우샹로우,양꼬치,양화로6길 50,37.5486801,126.9170391,1209,4538,1166,34,음식이 맛있어요:1046;고기 질이 좋아요:676;인테리어가 멋져요:469;특별한 메뉴가 있어요:374;친절해요:345;매장이 넓어요:272;양이 많아요:217;단체모임 하기 좋아요:177;매장이 청결해요:171;직접 잘 구워줘요:151;잡내가 적어요:130;가성비가 좋아요:101;재료가 신선해요:91;메뉴 구성이 알차요:66;컨셉이 독특해요:46;아늑해요:36;특별한 날 가기 좋아요:34;음식이 빨리 나와요:31;혼밥하기 좋아요:22;차분한 분위기예요:16;비싼 만큼 가치있어요:13;화장실이 깨끗해요:11;뷰가 좋아요:10;좌석이 편해요:7;반찬이 잘 나와요:7;주차하기 편해요:5;오래 머무르기 좋아요:4;코스요리가 알차요:2;룸이 잘 되어있어요:2;건강한 맛이에요:2;술이 다양해요:1;음료가 맛있어요:1;야외공간이 멋져요:1;환기가 잘 돼요:1
2036524941,잇쇼노미 스탠딩 이자카야,이자카야,독막로9길 38 상가 1층 101호 (가장 우측),37.5498627,126.9206151,334,1301,302,32,음식이 맛있어요:212;술이 다양해요:152;인테리어가 멋져요:134;음악이 좋아요:126;친절해요:122;기본 안주가 좋아요:86;혼술하기 좋아요:85;대화하기 좋아요:80;특별한 메뉴가 있어요:75;매장이 청결해요:72;컨셉이 독특해요:38;가성비가 좋아요:37;음료가 맛있어요:22;메뉴 구성이 알차요:9;화장실이 깨끗해요:9;차분한 분위기예요:5;매장이 넓어요:5;재료가 신선해요:4;아늑해요:3;사진이 잘 나와요:3;비싼 만큼 가치있어요:3;단체모임 하기 좋아요:3;혼밥하기 좋아요:2;음식이 빨리 나와요:2;특별한 날 가기 좋아요:2;오래 머무르기 좋아요:2;집중하기 좋아요:2;건강한 맛이에요:2;좌석이 편해요:1;양이 많아요:1;라이브공연이 훌륭해요:1;뷰가 좋아요:1
1856369355,메가MGC커피 합정역점,카페,양화로 46-1 1층,37.5494155,126.9142127,2286,2487,988,27,커피가 맛있어요:844;가성비가 좋아요:583;음료가 맛있어요:323;친절해요:212;디저트가 맛있어요:147;특별한 메뉴가 있어요:76;대화하기 좋아요:70;매장이 청결해요:57;좌석이 편해요:46;집중하기 좋아요:24;인테리어가 멋져요:18;화장실이 깨끗해요:16;종류가 다양해요:9;아늑해요:8;사진이 잘 나와요:8;주차하기 편해요:7;양이 많아요:6;매장이 넓어요:6;뷰가 좋아요:6;음식이 빨리 나와요:5;메뉴 구성이 알차요:4;음악이 좋아요:4;오래 머무르기 좋아요:3;주문제작을 잘해줘요:2;음식이 맛있어요:1;포장이 깔끔해요:1;룸이 잘 되어있어요:1
2000578115,숯토리 홍대합정점,이자카야,독막로9길 18 1층,37.5490304,126.9201275,657,2688,605,37,음식이 맛있어요:588;기본 안주가 좋아요:344;인테리어가 멋져요:295;술이 다양해요:212;대화하기 좋아요:199;가성비가 좋아요:187;특별한 메뉴가 있어요:185;음악이 좋아요:181;친절해요:159;매장이 청결해요:76;메뉴 구성이 알차요:39;매장이 넓어요:37;단체모임 하기 좋아요:29;화장실이 깨끗해요:21;아늑해요:17;재료가 신선해요:14;음료가 맛있어요:12;오래 머무르기 좋아요:11;코스요리가 알차요:10;차분한 분위기예요:9;혼술하기 좋아요:8;음식이 빨리 나와요:8;양이 많아요:8;뷰가 좋아요:8;좌석이 편해요:6;컨셉이 독특해요:5;특별한 날 가기 좋아요:5;디저트가 맛있어요:2;라이브공연이 훌륭해요:2;야외공간이 멋져요:2;사진이 잘 나와요:2;집중하기 좋아요:2;커피가 맛있어요:1;주차하기 편해요:1;파티하기 좋아요:1;비싼 만큼 가치있어요:1;룸이 잘 되어있어요:1
2095046405,자유의지 혼술바 서울홍대점,바(BAR),양화로6길 90 2층,37.5482344,126.9190796,746,3112,615,34,술이 다양해요:531;대화하기 좋아요:403;음악이 좋아요:387;인테리어가 멋져요:336;혼술하기 좋아요:286;친절해요:229;기본 안주가 좋아요:186;음식이 맛있어요:180;특별한 메뉴가 있어요:150;매장이 청결해요:67;가성비가 좋아요:46;음료가 맛있어요:42;화장실이 깨끗해요:39;아늑해요:37;단체모임 하기 좋아요:33;매장이 넓어요:31;차분한 분위기예요:20;오래 머무르기 좋아요:20;사진이 잘 나와요:18;컨셉이 독특해요:15;메뉴 구성이 알차요:14;좌석이 편해요:9;비싼 만큼 가치있어요:6;특별한 날 가기 좋아요:4;집중하기 좋아요:4;건강한 맛이에요:4;뷰가 좋아요:3;디저트가 맛있어요:2;혼밥하기 좋아요:2;음식이 빨리 나와요:2;양이 많아요:2;파티하기 좋아요:2;재료가 신선해요:1;룸이 잘 되어있어요:1
1162408095,별그리는바다,이자카야,어울마당로5길 17 1층,37.5491839,126.9194228,837,2993,766,38,음식이 맛있어요:634;친절해요:408;대화하기 좋아요:242;인테리어가 멋져요:241;기본 안주가 좋아요:219;특별한 메뉴가 있어요:183;술이 다양해요:173;매장이 청결해요:137;음악이 좋아요:111;가성비가 좋아요:98;단체모임 하기 좋아요:83;화장실이 깨끗해요:72;재료가 신선해요:67;오래 머무르기 좋아요:64;메뉴 구성이 알차요:50;매장이 넓어요:39;아늑해요:25;사진이 잘 나와요:21;혼술하기 좋아요:19;뷰가 좋아요:14;양이 많아요:13;비싼 만큼 가치있어요:13;건강한 맛이에요:13;야외공간이 멋져요:8;음료가 맛있어요:7;주차하기 편해요:6;컨셉이 독특해요:4;디저트가 맛있어요:4;음식이 빨리 나와요:4;커피가 맛있어요:3;코스요리가 알차요:3;혼밥하기 좋아요:3;라이브공연이 훌륭해요:3;집중하기 좋아요:3;파티하기 좋아요:2;특별한 날 가기 좋아요:2;차분한 분위기예요:1;룸이 잘 되어있어요:1
763171477,당인리극장,요리주점,양화로6길 21 당인리극장 2층,37.5491956,126.915462,1557,5382,1394,37,음식이 맛있어요:1334;단체모임 하기 좋아요:594;가성비가 좋아요:423;대화하기 좋아요:416;기본 안주가 좋아요:390;친절해요:368;특별한 메뉴가 있어요:343;음악이 좋아요:315;매장이 넓어요:280;매장이 청결해요:153;메뉴 구성이 알차요:117;양이 많아요:108;인테리어가 멋져요:100;오래 머무르기 좋아요:85;술이 다양해요:78;컨셉이 독특해요:47;파티하기 좋아요:42;아늑해요:32;뷰가 좋아요:31;음식이 빨리 나와요:30;혼술하기 좋아요:22;화장실이 깨끗해요:11;사진이 잘 나와요:10;반려동물과 가기 좋아요:9;좌석이 편해요:8;재료가 신선해요:6;특별한 날 가기 좋아요:6;건강한 맛이에요:5;라이브공연이 훌륭해요:4;코스요리가 알차요:3;비싼 만큼 가치있어요:3;음료가 맛있어요:2;혼밥하기 좋아요:2;야외공간이 멋져요:2;아이와 가기 좋아요:1;주차하기 편해요:1;집중하기 좋아요:1
36803583,철인7호 치킨 홍대점,"치킨,닭강정",양화로6길 99-3 지1층,37.5485323,126.919811,1595,4482,1208,43,음식이 맛있어요:1154;양이 많아요:564;친절해요:466;가성비가 좋아요:391;재료가 신선해요:387;특별한 메뉴가 있어요:306;인테리어가 멋져요:275;매장이 넓어요:161;매장이 청결해요:139;단체모임 하기 좋아요:139;메뉴 구성이 알차요:114;아늑해요:108;대화하기 좋아요:70;화장실이 깨끗해요:35;음악이 좋아요:15;차분한 분위기예요:14;컨셉이 독특해요:13;음식이 빨리 나와요:13;잡내가 적어요:13;혼밥하기 좋아요:12;뷰가 좋아요:11;고기 질이 좋아요:10;술이 다양해요:9;야외공간이 멋져요:9;기본 안주가 좋아요:6;좌석이 편해요:5;사진이 잘 나와요:5;오래 머무르기 좋아요:5;음료가 맛있어요:4;건강한 맛이에요:4;코스요리가 알차요:3;주차하기 편해요:3;반찬이 잘 나와요:3;특별한 날 가기 좋아요:3;혼술하기 좋아요:2;아이와 가기 좋아요:2;현지 맛에 가까워요:2;환기가 잘 돼요:2;디저트가 맛있어요:1;포장이 깔끔해요:1;반려동물과 가기 좋아요:1;룸이 잘 되어있어요:1;집중하기 좋아요:1
1541014043,명륜진사갈비 서울 합정점,"육류,고기요리",독막로 17 1층,37.5487306,126.9153623,1073,1766,566,24,음식이 맛있어요:418;가성비가 좋아요:310;양이 많아요:219;고기 질이 좋아요:187;매장이 넓어요:157;친절해요:148;단체모임 하기 좋아요:101;매장이 청결해요:51;특별한 메뉴가 있어요:44;재료가 신선해요:35;특별한 날 가기 좋아요:18;인테리어가 멋져요:16;메뉴 구성이 알차요:16;잡내가 적어요:9;화장실이 깨끗해요:8;뷰가 좋아요:6;혼밥하기 좋아요:4;주차하기 편해요:4;반찬이 잘 나와요:4;직접 잘 구워줘요:3;차분한 분위기예요:2;음식이 빨리 나와요:2;아이와 가기 좋아요:2;환기가 잘 돼요:2
20986095,구공탄곱창 홍대본점,"곱창,막창,양",양화로6길 77 1층,37.5485511,126.9185027,1647,3803,1100,31,음식이 맛있어요:1081;고기 질이 좋아요:409;친절해요:380;가성비가 좋아요:372;잡내가 적어요:265;특별한 메뉴가 있어요:226;인테리어가 멋져요:162;직접 잘 구워줘요:147;양이 많아요:106;메뉴 구성이 알차요:103;매장이 청결해요:102;매장이 넓어요:87;아늑해요:80;재료가 신선해요:71;음식이 빨리 나와요:48;단체모임 하기 좋아요:33;뷰가 좋아요:29;특별한 날 가기 좋아요:18;반찬이 잘 나와요:17;차분한 분위기예요:14;컨셉이 독특해요:10;화장실이 깨끗해요:10;혼밥하기 좋아요:7;주차하기 편해요:5;건강한 맛이에요:5;야외공간이 멋져요:4;환기가 잘 돼요:4;비싼 만큼 가치있어요:3;오래 머무르기 좋아요:3;좌석이 편해요:1;코스요리가 알차요:1
1891237792,교집합,요리주점,독막로 14 상록수빌딩 지하1층,37.5484269,126.914912,6223,26030,6017,40,술이 다양해요:4771;음악이 좋아요:3937;인테리어가 멋져요:3489;음식이 맛있어요:3051;대화하기 좋아요:2037;기본 안주가 좋아요:1869;가성비가 좋아요:1850;친절해요:1474;매장이 청결해요:687;특별한 메뉴가 있어요:572;사진이 잘 나와요:382;혼술하기 좋아요:257;음료가 맛있어요:257;매장이 넓어요:204;단체모임 하기 좋아요:199;오래 머무르기 좋아요:168;아늑해요:162;메뉴 구성이 알차요:118;화장실이 깨끗해요:97;컨셉이 독특해요:95;라이브공연이 훌륭해요:74;음식이 빨리 나와요:53;차분한 분위기예요:45;특별한 날 가기 좋아요:40;파티하기 좋아요:30;좌석이 편해요:28;뷰가 좋아요:18;디저트가 맛있어요:9;재료가 신선해요:9;비싼 만큼 가치있어요:9;건강한 맛이에요:9;양이 많아요:7;주차하기 편해요:6;룸이 잘 되어있어요:5;집중하기 좋아요:4;아이와 가기 좋아요:3;야외공간이 멋져요:2;커피가 맛있어요:1;혼밥하기 좋아요:1;반려동물과 가기 좋아요:1
1429108683,야키토리잔잔 합정점,이자카야,양화로6길 10 1층,37.5493495,126.9147783,1086,4111,1028,36,음식이 맛있어요:996;술이 다양해요:455;기본 안주가 좋아요:436;인테리어가 멋져요:360;대화하기 좋아요:354;친절해요:322;특별한 메뉴가 있어요:231;매장이 청결해요:155;단체모임 하기 좋아요:141;음악이 좋아요:138;가성비가 좋아요:124;메뉴 구성이 알차요:97;매장이 넓어요:76;오래 머무르기 좋아요:30;양이 많아요:27;재료가 신선해요:23;화장실이 깨끗해요:22;혼술하기 좋아요:19;좌석이 편해요:17;아늑해요:16;비싼 만큼 가치있어요:13;음료가 맛있어요:11;사진이 잘 나와요:11;차분한 분위기예요:8;음식이 빨리 나와요:8;컨셉이 독특해요:3;코스요리가 알차요:3;디저트가 맛있어요:2;주차하기 편해요:2;특별한 날 가기 좋아요:2;집중하기 좋아요:2;건강한 맛이에요:2;뷰가 좋아요:2;커피가 맛있어요:1;혼밥하기 좋아요:1;야외공간이 멋져요:1
35554133,오리지널시카고피자 홍대본점,피자,독막로7길 51 3층 CHICAGO,37.5500912,126.9197782,1029,2656,794,39,음식이 맛있어요:697;인테리어가 멋져요:313;친절해요:253;매장이 넓어요:239;재료가 신선해요:215;특별한 메뉴가 있어요:213;양이 많아요:185;매장이 청결해요:152;단체모임 하기 좋아요:52;가성비가 좋아요:49;화장실이 깨끗해요:40;특별한 날 가기 좋아요:38;대화하기 좋아요:35;뷰가 좋아요:25;메뉴 구성이 알차요:23;아늑해요:22;차분한 분위기예요:17;음악이 좋아요:14;사진이 잘 나와요:11;혼밥하기 좋아요:10;음료가 맛있어요:8;좌석이 편해요:7;현지 맛에 가까워요:6;오래 머무르기 좋아요:6;비싼 만큼 가치있어요:5;컨셉이 독특해요:4;건강한 맛이에요:3;술이 다양해요:2;디저트가 맛있어요:2;혼술하기 좋아요:1;아이와 가기 좋아요:1;잡내가 적어요:1;고기 질이 좋아요:1;주차하기 편해요:1;반려동물과 가기 좋아요:1;향신료가 강하지 않아요:1;직접 잘 구워줘요:1;집중하기 좋아요:1;환기가 잘 돼요:1
1935683021,테이스티버거,햄버거,독막로 67-11 행운빌딩 1층,37.5482433,126.9207157,1831,3242,1108,39,음식이 맛있어요:996;재료가 신선해요:439;특별한 메뉴가 있어요:343;친절해요:314;혼밥하기 좋아요:223;양이 많아요:198;매장이 청결해요:187;인테리어가 멋져요:152;가성비가 좋아요:83;매장이 넓어요:52;메뉴 구성이 알차요:32;특별한 날 가기 좋아요:22;아늑해요:21;고기 질이 좋아요:19;화장실이 깨끗해요:18;음식이 빨리 나와요:16;대화하기 좋아요:16;비싼 만큼 가치있어요:14;건강한 맛이에요:13;음악이 좋아요:12;단체모임 하기 좋아요:10;컨셉이 독특해요:8;잡내가 적어요:8;주차하기 편해요:7;좌석이 편해요:5;음료가 맛있어요:5;차분한 분위기예요:4;아이와 가기 좋아요:4;뷰가 좋아요:4;현지 맛에 가까워요:3;직접 잘 구워줘요:3;커피가 맛있어요:2;디저트가 맛있어요:2;사진이 잘 나와요:2;야외공간이 멋져요:1;포장이 깔끔해요:1;룸이 잘 되어있어요:1;반찬이 잘 나와요:1;기본 안주가 좋아요:1
1842859846,돼지대학교 무한리필,돼지고기구이,독막로 15 돼지대학교,37.5487519,126.9152684,701,1583,465,25,음식이 맛있어요:339;가성비가 좋아요:296;양이 많아요:184;고기 질이 좋아요:176;친절해요:144;단체모임 하기 좋아요:128;매장이 넓어요:114;재료가 신선해요:33;특별한 메뉴가 있어요:32;매장이 청결해요:26;잡내가 적어요:25;인테리어가 멋져요:19;반찬이 잘 나와요:16;메뉴 구성이 알차요:14;화장실이 깨끗해요:11;아늑해요:5;주차하기 편해요:4;음식이 빨리 나와요:3;특별한 날 가기 좋아요:3;오래 머무르기 좋아요:3;뷰가 좋아요:3;혼밥하기 좋아요:2;좌석이 편해요:1;컨셉이 독특해요:1;환기가 잘 돼요:1
1064736730,양화주택 홍대,요리주점,양화로8길 32-5 1층,37.5492303,126.91624,2462,9646,2321,39,음식이 맛있어요:2243;인테리어가 멋져요:1051;친절해요:903;특별한 메뉴가 있어요:846;매장이 청결해요:601;대화하기 좋아요:586;기본 안주가 좋아요:494;술이 다양해요:446;재료가 신선해요:365;가성비가 좋아요:320;양이 많아요:294;음악이 좋아요:264;매장이 넓어요:225;단체모임 하기 좋아요:198;메뉴 구성이 알차요:175;아늑해요:146;화장실이 깨끗해요:88;차분한 분위기예요:63;특별한 날 가기 좋아요:58;건강한 맛이에요:41;사진이 잘 나와요:40;혼밥하기 좋아요:27;혼술하기 좋아요:24;음식이 빨리 나와요:23;뷰가 좋아요:22;야외공간이 멋져요:16;컨셉이 독특해요:15;오래 머무르기 좋아요:15;비싼 만큼 가치있어요:14;음료가 맛있어요:10;고기 질이 좋아요:7;반찬이 잘 나와요:7;좌석이 편해요:5;주차하기 편해요:4;잡내가 적어요:3;코스요리가 알차요:2;파티하기 좋아요:2;룸이 잘 되어있어요:2;집중하기 좋아요:1
1303113077,타오마라탕,마라탕,양화로6길 19 광명빌딩 2층,37.5492446,126.9153346,6265,17120,4207,47,음식이 맛있어요:4867;재료가 신선해요:3108;친절해요:1639;양이 많아요:1369;특별한 메뉴가 있어요:1112;혼밥하기 좋아요:1027;매장이 청결해요:916;인테리어가 멋져요:750;가성비가 좋아요:570;매장이 넓어요:551;뷰가 좋아요:175;메뉴 구성이 알차요:161;아늑해요:120;음악이 좋아요:87;대화하기 좋아요:85;현지 맛에 가까워요:82;단체모임 하기 좋아요:82;음식이 빨리 나와요:58;향신료가 강하지 않아요:49;비싼 만큼 가치있어요:42;화장실이 깨끗해요:42;차분한 분위기예요:37;잡내가 적어요:34;고기 질이 좋아요:24;특별한 날 가기 좋아요:20;건강한 맛이에요:19;사진이 잘 나와요:14;반찬이 잘 나와요:9;좌석이 편해요:8;샐러드바가 잘 되어있어요:8;컨셉이 독특해요:7;주차하기 편해요:6;반려동물과 가기 좋아요:6;기본 안주가 좋아요:5;음료가 맛있어요:4;환기가 잘 돼요:4;커피가 맛있어요:3;코스요리가 알차요:3;아이와 가기 좋아요:3;야외공간이 멋져요:3;집중하기 좋아요:3;혼술하기 좋아요:2;룸이 잘 되어있어요:2;술이 다양해요:1;디저트가 맛있어요:1;포장이 깔끔해요:1;직접 잘 구워줘요:1
1731553966,포그,피자,독막로2길 34 1층,37.5471565,126.9142857,1222,4549,1171,41,음식이 맛있어요:1174;재료가 신선해요:681;인테리어가 멋져요:527;특별한 메뉴가 있어요:472;친절해요:348;뷰가 좋아요:224;야외공간이 멋져요:154;매장이 청결해요:141;대화하기 좋아요:90;양이 많아요:81;매장이 넓어요:79;차분한 분위기예요:72;가성비가 좋아요:70;음악이 좋아요:68;아늑해요:60;혼밥하기 좋아요:49;메뉴 구성이 알차요:44;건강한 맛이에요:39;사진이 잘 나와요:31;특별한 날 가기 좋아요:23;음식이 빨리 나와요:19;단체모임 하기 좋아요:15;컨셉이 독특해요:12;반려동물과 가기 좋아요:11;비싼 만큼 가치있어요:11;현지 맛에 가까워요:9;직접 잘 구워줘요:9;화장실이 깨끗해요:7;환기가 잘 돼요:6;고기 질이 좋아요:4;향신료가 강하지 않아요:4;주차하기 편해요:3;아이와 가기 좋아요:2;오래 머무르기 좋아요:2;집중하기 좋아요:2;술이 다양해요:1;디저트가 맛있어요:1;혼술하기 좋아요:1;음료가 맛있어요:1;잡내가 적어요:1;기본 안주가 좋아요:1
1400688618,올더어글리쿠키&트레몽,"카페,디저트","토정로 45 1, 2층",37.5456431,126.9159323,2298,8101,2129,39,디저트가 맛있어요:2011;인테리어가 멋져요:1394;특별한 메뉴가 있어요:900;커피가 맛있어요:818;사진이 잘 나와요:796;친절해요:507;음료가 맛있어요:487;매장이 청결해요:192;대화하기 좋아요:184;뷰가 좋아요:108;아늑해요:93;비싼 만큼 가치있어요:62;종류가 다양해요:58;야외공간이 멋져요:57;컨셉이 독특해요:54;음악이 좋아요:53;음식이 맛있어요:50;메뉴 구성이 알차요:49;빵이 맛있어요:41;가성비가 좋아요:41;집중하기 좋아요:34;차분한 분위기예요:25;매장이 넓어요:13;선물하기 좋아요:12;화장실이 깨끗해요:11;재료가 신선해요:8;양이 많아요:7;포장이 깔끔해요:7;특별한 날 가기 좋아요:6;좌석이 편해요:5;룸이 잘 되어있어요:5;음식이 빨리 나와요:2;주차하기 편해요:2;반려동물과 가기 좋아요:2;건강한 맛이에요:2;차가 맛있어요:2;주문제작을 잘해줘요:1;아이와 가기 좋아요:1;오래 머무르기 좋아요:1
1273730865,홍홍 합정점,중식당,"양화로 56 104호, 105호",37.5498941,126.9151378,563,2360,487,34,음식이 맛있어요:531;인테리어가 멋져요:299;친절해요:191;특별한 메뉴가 있어요:185;재료가 신선해요:142;가성비가 좋아요:133;매장이 넓어요:131;양이 많아요:102;단체모임 하기 좋아요:98;대화하기 좋아요:84;매장이 청결해요:81;기본 안주가 좋아요:76;음악이 좋아요:73;메뉴 구성이 알차요:48;혼밥하기 좋아요:47;술이 다양해요:33;컨셉이 독특해요:22;아늑해요:11;사진이 잘 나와요:10;주차하기 편해요:9;뷰가 좋아요:8;혼술하기 좋아요:6;현지 맛에 가까워요:5;고기 질이 좋아요:5;음식이 빨리 나와요:4;향신료가 강하지 않아요:4;건강한 맛이에요:4;화장실이 깨끗해요:4;좌석이 편해요:3;야외공간이 멋져요:3;차분한 분위기예요:2;코스요리가 알차요:2;반찬이 잘 나와요:2;환기가 잘 돼요:2
1025472985,사람사는이야기 합정점,요리주점,어울마당로5길 52 사람사는이야기 합정점,37.5500443,126.9179627,932,2625,694,34,음식이 맛있어요:594;친절해요:355;대화하기 좋아요:218;기본 안주가 좋아요:171;술이 다양해요:161;음악이 좋아요:156;인테리어가 멋져요:151;특별한 메뉴가 있어요:135;매장이 청결해요:135;가성비가 좋아요:114;단체모임 하기 좋아요:107;오래 머무르기 좋아요:68;화장실이 깨끗해요:67;매장이 넓어요:48;메뉴 구성이 알차요:38;아늑해요:26;양이 많아요:14;좌석이 편해요:11;음식이 빨리 나와요:9;차분한 분위기예요:7;재료가 신선해요:7;혼술하기 좋아요:6;사진이 잘 나와요:5;야외공간이 멋져요:4;주차하기 편해요:4;건강한 맛이에요:4;비싼 만큼 가치있어요:2;뷰가 좋아요:2;컨셉이 독특해요:1;음료가 맛있어요:1;파티하기 좋아요:1;반려동물과 가기 좋아요:1;특별한 날 가기 좋아요:1;집중하기 좋아요:1
21535803,안녕낯선사람,카페,"어울마당로5길 40 1층 카페 안녕,낯선사람",37.5497944,126.9185288,634,1163,335,27,커피가 맛있어요:230;인테리어가 멋져요:135;디저트가 맛있어요:122;음료가 맛있어요:122;대화하기 좋아요:121;친절해요:98;좌석이 편해요:58;집중하기 좋아요:55;가성비가 좋아요:45;사진이 잘 나와요:33;아늑해요:30;특별한 메뉴가 있어요:26;매장이 청결해요:21;뷰가 좋아요:21;차분한 분위기예요:14;화장실이 깨끗해요:11;음악이 좋아요:7;매장이 넓어요:3;컨셉이 독특해요:2;음식이 맛있어요:2;주문제작을 잘해줘요:1;음식이 빨리 나와요:1;재료가 신선해요:1;메뉴 구성이 알차요:1;야외공간이 멋져요:1;주차하기 편해요:1;차가 맛있어요:1
31694410,키친485 홍대,양식,양화로6길 67 1층,37.5486875,126.9179484,2493,7534,1867,45,음식이 맛있어요:1796;재료가 신선해요:1193;친절해요:787;인테리어가 멋져요:712;특별한 메뉴가 있어요:708;매장이 넓어요:334;매장이 청결해요:299;양이 많아요:243;단체모임 하기 좋아요:205;특별한 날 가기 좋아요:199;가성비가 좋아요:126;아늑해요:119;대화하기 좋아요:108;차분한 분위기예요:100;건강한 맛이에요:93;메뉴 구성이 알차요:77;뷰가 좋아요:63;비싼 만큼 가치있어요:55;현지 맛에 가까워요:41;혼밥하기 좋아요:30;음악이 좋아요:29;고기 질이 좋아요:25;음식이 빨리 나와요:22;디저트가 맛있어요:20;야외공간이 멋져요:17;사진이 잘 나와요:16;화장실이 깨끗해요:15;주차하기 편해요:13;음료가 맛있어요:10;잡내가 적어요:10;좌석이 편해요:9;아이와 가기 좋아요:9;직접 잘 구워줘요:9;향신료가 강하지 않아요:8;컨셉이 독특해요:7;술이 다양해요:6;오래 머무르기 좋아요:6;집중하기 좋아요:5;코스요리가 알차요:2;반찬이 잘 나와요:2;기본 안주가 좋아요:2;혼술하기 좋아요:1;포장이 깔끔해요:1;샐러드바가 잘 되어있어요:1;환기가 잘 돼요:1
1686455081,아니키 합정,요리주점,어울마당로5길 47 1층,37.5498011,126.9181595,1177,4199,1121,33,음식이 맛있어요:1026;인테리어가 멋져요:434;기본 안주가 좋아요:409;대화하기 좋아요:379;음악이 좋아요:342;친절해요:333;특별한 메뉴가 있어요:284;술이 다양해요:273;가성비가 좋아요:140;매장이 청결해요:113;아늑해요:90;단체모임 하기 좋아요:60;메뉴 구성이 알차요:59;화장실이 깨끗해요:35;컨셉이 독특해요:28;반려동물과 가기 좋아요:26;오래 머무르기 좋아요:26;재료가 신선해요:19;사진이 잘 나와요:19;차분한 분위기예요:14;혼술하기 좋아요:13;양이 많아요:11;음식이 빨리 나와요:10;건강한 맛이에요:10;뷰가 좋아요:10;매장이 넓어요:9;음료가 맛있어요:8;야외공간이 멋져요:7;비싼 만큼 가치있어요:5;특별한 날 가기 좋아요:3;주차하기 편해요:2;좌석이 편해요:1;집중하기 좋아요:1
1461685837,호계 합정본점,요리주점,양화로6길 57-13 지1층 호계 합정,37.5491926,126.9177245,1549,6209,1440,40,음식이 맛있어요:1475;특별한 메뉴가 있어요:895;인테리어가 멋져요:864;친절해요:558;재료가 신선해요:378;술이 다양해요:211;컨셉이 독특해요:206;대화하기 좋아요:204;양이 많아요:191;기본 안주가 좋아요:184;매장이 청결해요:157;음악이 좋아요:139;가성비가 좋아요:132;아늑해요:120;메뉴 구성이 알차요:105;단체모임 하기 좋아요:57;매장이 넓어요:53;건강한 맛이에요:35;뷰가 좋아요:33;화장실이 깨끗해요:30;음식이 빨리 나와요:23;사진이 잘 나와요:23;특별한 날 가기 좋아요:20;향신료가 강하지 않아요:20;고기 질이 좋아요:18;차분한 분위기예요:14;음료가 맛있어요:13;좌석이 편해요:10;혼밥하기 좋아요:7;비싼 만큼 가치있어요:7;반찬이 잘 나와요:6;현지 맛에 가까워요:5;오래 머무르기 좋아요:5;잡내가 적어요:4;혼술하기 좋아요:2;코스요리가 알차요:1;디저트가 맛있어요:1;야외공간이 멋져요:1;파티하기 좋아요:1;룸이 잘 되어있어요:1
1052840524,몽주방 홍대점,요리주점,독막로7길 20 1층 몽주방 홍대점,37.5487081,126.9191007,1983,6683,1872,37,음식이 맛있어요:1805;특별한 메뉴가 있어요:651;인테리어가 멋져요:640;대화하기 좋아요:531;친절해요:502;기본 안주가 좋아요:478;술이 다양해요:436;음악이 좋아요:344;매장이 청결해요:322;가성비가 좋아요:192;단체모임 하기 좋아요:147;화장실이 깨끗해요:141;메뉴 구성이 알차요:114;양이 많아요:69;아늑해요:63;매장이 넓어요:51;오래 머무르기 좋아요:50;재료가 신선해요:23;야외공간이 멋져요:16;사진이 잘 나와요:16;비싼 만큼 가치있어요:16;음식이 빨리 나와요:15;차분한 분위기예요:11;컨셉이 독특해요:10;혼술하기 좋아요:8;음료가 맛있어요:7;좌석이 편해요:6;뷰가 좋아요:4;룸이 잘 되어있어요:3;특별한 날 가기 좋아요:3;건강한 맛이에요:3;커피가 맛있어요:1;아이와 가기 좋아요:1;주차하기 편해요:1;파티하기 좋아요:1;반려동물과 가기 좋아요:1;집중하기 좋아요:1
34780088,물고기초밥,"초밥,롤",양화로6길 66,37.5484833,126.917712,874,1965,619,34,음식이 맛있어요:612;재료가 신선해요:378;친절해요:193;혼밥하기 좋아요:118;양이 많아요:118;가성비가 좋아요:111;특별한 메뉴가 있어요:92;메뉴 구성이 알차요:68;인테리어가 멋져요:57;매장이 청결해요:51;아늑해요:37;비싼 만큼 가치있어요:18;특별한 날 가기 좋아요:17;대화하기 좋아요:10;건강한 맛이에요:10;매장이 넓어요:9;현지 맛에 가까워요:8;차분한 분위기예요:7;음식이 빨리 나와요:7;잡내가 적어요:6;고기 질이 좋아요:6;단체모임 하기 좋아요:6;뷰가 좋아요:5;화장실이 깨끗해요:4;반찬이 잘 나와요:3;컨셉이 독특해요:2;혼술하기 좋아요:2;야외공간이 멋져요:2;사진이 잘 나와요:2;기본 안주가 좋아요:2;코스요리가 알차요:1;아이와 가기 좋아요:1;음악이 좋아요:1;직접 잘 구워줘요:1
37420517,델리인디아,인도음식,독막로9길 8 2층,37.5486828,126.9197468,5067,12082,3004,29,음식이 맛있어요:2956;친절해요:1335;인테리어가 멋져요:1181;현지 맛에 가까워요:1170;재료가 신선해요:956;양이 많아요:897;매장이 넓어요:677;가성비가 좋아요:637;매장이 청결해요:436;특별한 메뉴가 있어요:327;메뉴 구성이 알차요:251;단체모임 하기 좋아요:217;향신료가 강하지 않아요:149;혼밥하기 좋아요:120;특별한 날 가기 좋아요:109;아늑해요:101;차분한 분위기예요:90;화장실이 깨끗해요:89;코스요리가 알차요:70;컨셉이 독특해요:61;뷰가 좋아요:54;음식이 빨리 나와요:52;건강한 맛이에요:49;좌석이 편해요:37;주차하기 편해요:34;비싼 만큼 가치있어요:12;오래 머무르기 좋아요:7;아이와 가기 좋아요:6;룸이 잘 되어있어요:2
37630215,비볼리 합정,이탈리아음식,독막로 31-3 2F 비볼리 합정,37.548539,126.9169482,1803,5616,1428,39,음식이 맛있어요:1353;재료가 신선해요:698;친절해요:541;인테리어가 멋져요:494;아늑해요:424;특별한 메뉴가 있어요:401;가성비가 좋아요:353;대화하기 좋아요:267;매장이 청결해요:228;양이 많아요:157;특별한 날 가기 좋아요:151;단체모임 하기 좋아요:97;현지 맛에 가까워요:95;메뉴 구성이 알차요:56;차분한 분위기예요:53;음악이 좋아요:34;매장이 넓어요:29;건강한 맛이에요:26;뷰가 좋아요:19;컨셉이 독특해요:16;음료가 맛있어요:16;음식이 빨리 나와요:15;사진이 잘 나와요:11;비싼 만큼 가치있어요:10;화장실이 깨끗해요:10;고기 질이 좋아요:9;반려동물과 가기 좋아요:8;좌석이 편해요:7;향신료가 강하지 않아요:7;술이 다양해요:6;아이와 가기 좋아요:6;야외공간이 멋져요:5;오래 머무르기 좋아요:3;환기가 잘 돼요:3;잡내가 적어요:2;주차하기 편해요:2;집중하기 좋아요:2;기본 안주가 좋아요:1;직접 잘 구워줘요:1
1887795755,컴피,양식,양화로6길 32 2층,37.5488736,126.9159698,4796,17599,4675,46,음식이 맛있어요:3731;인테리어가 멋져요:3461;음악이 좋아요:1680;친절해요:1234;재료가 신선해요:959;특별한 메뉴가 있어요:915;술이 다양해요:796;매장이 청결해요:660;대화하기 좋아요:526;뷰가 좋아요:449;매장이 넓어요:426;아늑해요:351;사진이 잘 나와요:339;특별한 날 가기 좋아요:286;양이 많아요:227;기본 안주가 좋아요:213;차분한 분위기예요:173;혼술하기 좋아요:131;단체모임 하기 좋아요:126;화장실이 깨끗해요:118;가성비가 좋아요:113;음료가 맛있어요:109;메뉴 구성이 알차요:105;오래 머무르기 좋아요:102;컨셉이 독특해요:101;혼밥하기 좋아요:50;비싼 만큼 가치있어요:42;음식이 빨리 나와요:40;건강한 맛이에요:33;디저트가 맛있어요:28;주차하기 편해요:18;야외공간이 멋져요:14;집중하기 좋아요:8;코스요리가 알차요:5;잡내가 적어요:4;현지 맛에 가까워요:4;좌석이 편해요:3;라이브공연이 훌륭해요:3;고기 질이 좋아요:3;룸이 잘 되어있어요:3;향신료가 강하지 않아요:3;커피가 맛있어요:2;환기가 잘 돼요:2;파티하기 좋아요:1;반려동물과 가기 좋아요:1;반찬이 잘 나와요:1
1758292957,부대옥 홍대점,"찌개,전골",어울마당로 56 201호,37.5499202,126.9212478,1662,6760,1440,39,음식이 맛있어요:1558;양이 많아요:1168;재료가 신선해요:773;가성비가 좋아요:707;매장이 넓어요:603;친절해요:520;매장이 청결해요:272;인테리어가 멋져요:233;특별한 메뉴가 있어요:232;혼밥하기 좋아요:135;단체모임 하기 좋아요:102;뷰가 좋아요:95;메뉴 구성이 알차요:75;반찬이 잘 나와요:61;대화하기 좋아요:48;음식이 빨리 나와요:26;화장실이 깨끗해요:26;음악이 좋아요:23;아늑해요:18;차분한 분위기예요:13;고기 질이 좋아요:11;건강한 맛이에요:8;환기가 잘 돼요:7;기본 안주가 좋아요:6;좌석이 편해요:5;샐러드바가 잘 되어있어요:5;야외공간이 멋져요:4;주차하기 편해요:4;잡내가 적어요:3;룸이 잘 되어있어요:3;오래 머무르기 좋아요:3;혼술하기 좋아요:2;음료가 맛있어요:2;현지 맛에 가까워요:2;특별한 날 가기 좋아요:2;향신료가 강하지 않아요:2;술이 다양해요:1;아이와 가기 좋아요:1;비싼 만큼 가치있어요:1
2084309088,더블 다운 펍,"맥주,호프",양화로6길 57-5 2층,37.5489404,126.9174542,258,1150,226,34,음식이 맛있어요:219;인테리어가 멋져요:165;술이 다양해요:120;대화하기 좋아요:92;친절해요:87;음악이 좋아요:82;재료가 신선해요:52;사진이 잘 나와요:51;야외공간이 멋져요:43;매장이 청결해요:42;특별한 메뉴가 있어요:26;화장실이 깨끗해요:20;음료가 맛있어요:18;뷰가 좋아요:17;아늑해요:16;특별한 날 가기 좋아요:16;차분한 분위기예요:11;메뉴 구성이 알차요:10;매장이 넓어요:10;가성비가 좋아요:9;커피가 맛있어요:8;오래 머무르기 좋아요:8;혼술하기 좋아요:6;단체모임 하기 좋아요:6;디저트가 맛있어요:3;집중하기 좋아요:3;좌석이 편해요:2;비싼 만큼 가치있어요:2;컨셉이 독특해요:1;음식이 빨리 나와요:1;고기 질이 좋아요:1;파티하기 좋아요:1;룸이 잘 되어있어요:1;기본 안주가 좋아요:1
1955616490,합정초밥집,"초밥,롤",독막로3길 38 2층,37.5498387,126.9175403,688,2708,641,33,음식이 맛있어요:664;재료가 신선해요:519;매장이 넓어요:251;양이 많아요:188;친절해요:165;인테리어가 멋져요:160;특별한 메뉴가 있어요:158;가성비가 좋아요:107;매장이 청결해요:95;메뉴 구성이 알차요:93;혼밥하기 좋아요:92;차분한 분위기예요:34;단체모임 하기 좋아요:32;아늑해요:28;대화하기 좋아요:18;반찬이 잘 나와요:15;비싼 만큼 가치있어요:14;잡내가 적어요:9;특별한 날 가기 좋아요:9;좌석이 편해요:8;현지 맛에 가까워요:8;건강한 맛이에요:8;오래 머무르기 좋아요:6;코스요리가 알차요:5;뷰가 좋아요:5;고기 질이 좋아요:4;사진이 잘 나와요:4;음식이 빨리 나와요:2;음악이 좋아요:2;룸이 잘 되어있어요:2;혼술하기 좋아요:1;향신료가 강하지 않아요:1;환기가 잘 돼요:1
1095319756,치즈매,"카페,디저트",양화로6길 57-13 지1층 B04호,37.5492842,126.9177959,575,2448,505,32,인테리어가 멋져요:384;커피가 맛있어요:296;음악이 좋아요:239;특별한 메뉴가 있어요:194;음료가 맛있어요:186;대화하기 좋아요:179;음식이 맛있어요:171;술이 다양해요:156;친절해요:155;디저트가 맛있어요:125;사진이 잘 나와요:75;아늑해요:67;매장이 청결해요:52;혼술하기 좋아요:39;차분한 분위기예요:34;반려동물과 가기 좋아요:20;뷰가 좋아요:16;집중하기 좋아요:11;컨셉이 독특해요:9;화장실이 깨끗해요:9;가성비가 좋아요:6;단체모임 하기 좋아요:5;기본 안주가 좋아요:4;메뉴 구성이 알차요:3;야외공간이 멋져요:3;음식이 빨리 나와요:2;오래 머무르기 좋아요:2;종류가 다양해요:2;좌석이 편해요:1;혼밥하기 좋아요:1;주차하기 편해요:1;건강한 맛이에요:1
1312393345,퍼셉션 합정,"카페,디저트",어울마당로1길 16 1층,37.5466632,126.9184928,883,2209,608,25,커피가 맛있어요:519;인테리어가 멋져요:354;디저트가 맛있어요:301;친절해요:222;음료가 맛있어요:197;대화하기 좋아요:109;매장이 청결해요:101;사진이 잘 나와요:92;특별한 메뉴가 있어요:65;아늑해요:61;집중하기 좋아요:58;음악이 좋아요:27;가성비가 좋아요:19;좌석이 편해요:18;차분한 분위기예요:17;메뉴 구성이 알차요:15;화장실이 깨끗해요:12;뷰가 좋아요:12;음식이 맛있어요:3;컨셉이 독특해요:2;혼밥하기 좋아요:1;주차하기 편해요:1;특별한 날 가기 좋아요:1;차가 맛있어요:1;종류가 다양해요:1
1125037096,네즈,이자카야,성지3길 60 2층,37.546114,126.9161651,1082,4107,982,33,음식이 맛있어요:1003;인테리어가 멋져요:436;대화하기 좋아요:433;친절해요:364;술이 다양해요:330;특별한 메뉴가 있어요:330;매장이 청결해요:230;기본 안주가 좋아요:219;음악이 좋아요:160;재료가 신선해요:86;메뉴 구성이 알차요:83;차분한 분위기예요:52;가성비가 좋아요:48;아늑해요:45;비싼 만큼 가치있어요:44;혼술하기 좋아요:39;단체모임 하기 좋아요:36;화장실이 깨끗해요:30;사진이 잘 나와요:26;특별한 날 가기 좋아요:24;오래 머무르기 좋아요:22;음식이 빨리 나와요:15;음료가 맛있어요:10;건강한 맛이에요:9;매장이 넓어요:8;뷰가 좋아요:8;좌석이 편해요:5;집중하기 좋아요:4;디저트가 맛있어요:2;양이 많아요:2;주차하기 편해요:2;코스요리가 알차요:1;야외공간이 멋져요:1
2010982280,용식당,중식당,와우산로15길 40 지1층 B02호,37.5489942,126.9212423,78,301,73,18,음식이 맛있어요:74;양이 많아요:57;재료가 신선해요:47;친절해요:28;가성비가 좋아요:28;혼밥하기 좋아요:24;특별한 메뉴가 있어요:13;매장이 청결해요:10;인테리어가 멋져요:8;차분한 분위기예요:2;컨셉이 독특해요:2;대화하기 좋아요:2;아늑해요:1;현지 맛에 가까워요:1;고기 질이 좋아요:1;음악이 좋아요:1;매장이 넓어요:1;단체모임 하기 좋아요:1
2094884039,누리마을감자탕 홍대직영점,감자탕,어울마당로 55-1,37.5501451,126.9209388,595,2047,547,34,음식이 맛있어요:512;양이 많아요:287;매장이 넓어요:262;재료가 신선해요:228;친절해요:129;특별한 메뉴가 있어요:107;매장이 청결해요:103;인테리어가 멋져요:90;혼밥하기 좋아요:79;가성비가 좋아요:77;단체모임 하기 좋아요:71;메뉴 구성이 알차요:16;잡내가 적어요:11;아늑해요:8;좌석이 편해요:7;고기 질이 좋아요:6;화장실이 깨끗해요:6;음식이 빨리 나와요:5;음악이 좋아요:5;대화하기 좋아요:5;건강한 맛이에요:5;특별한 날 가기 좋아요:4;오래 머무르기 좋아요:4;차분한 분위기예요:3;현지 맛에 가까워요:3;뷰가 좋아요:3;주차하기 편해요:2;반찬이 잘 나와요:2;환기가 잘 돼요:2;술이 다양해요:1;코스요리가 알차요:1;포장이 깔끔해요:1;룸이 잘 되어있어요:1;기본 안주가 좋아요:1
1644108012,만선호프 홍대점,"맥주,호프","와우산로17길 15 1층, 2층",37.5500894,126.9221145,343,940,260,31,음식이 맛있어요:180;음악이 좋아요:97;단체모임 하기 좋아요:95;기본 안주가 좋아요:83;친절해요:69;가성비가 좋아요:67;대화하기 좋아요:57;술이 다양해요:50;특별한 메뉴가 있어요:47;인테리어가 멋져요:43;매장이 넓어요:31;오래 머무르기 좋아요:25;매장이 청결해요:20;메뉴 구성이 알차요:14;양이 많아요:11;야외공간이 멋져요:11;화장실이 깨끗해요:7;음식이 빨리 나와요:6;라이브공연이 훌륭해요:5;파티하기 좋아요:5;컨셉이 독특해요:4;재료가 신선해요:2;특별한 날 가기 좋아요:2;뷰가 좋아요:2;아늑해요:1;혼술하기 좋아요:1;음료가 맛있어요:1;주차하기 편해요:1;사진이 잘 나와요:1;비싼 만큼 가치있어요:1;건강한 맛이에요:1
1680391092,정육도,"육류,고기요리",양화로6길 14 2층 정육도,37.5491951,126.9148751,1252,4027,1057,32,음식이 맛있어요:940;고기 질이 좋아요:665;친절해요:342;매장이 넓어요:300;인테리어가 멋져요:293;단체모임 하기 좋아요:284;양이 많아요:198;재료가 신선해요:195;매장이 청결해요:143;특별한 메뉴가 있어요:141;야외공간이 멋져요:116;뷰가 좋아요:90;가성비가 좋아요:60;반찬이 잘 나와요:35;메뉴 구성이 알차요:31;특별한 날 가기 좋아요:29;룸이 잘 되어있어요:28;아늑해요:23;차분한 분위기예요:18;잡내가 적어요:18;화장실이 깨끗해요:18;주차하기 편해요:16;건강한 맛이에요:9;직접 잘 구워줘요:8;아이와 가기 좋아요:5;비싼 만큼 가치있어요:5;혼밥하기 좋아요:4;음식이 빨리 나와요:4;좌석이 편해요:3;컨셉이 독특해요:3;오래 머무르기 좋아요:2;환기가 잘 돼요:1
1696073606,언덕집,요리주점,양화로10길 20 1층 101호,37.5507076,126.9174825,749,2875,691,34,음식이 맛있어요:715;기본 안주가 좋아요:347;대화하기 좋아요:271;친절해요:258;음악이 좋아요:206;특별한 메뉴가 있어요:186;가성비가 좋아요:158;인테리어가 멋져요:134;술이 다양해요:125;매장이 청결해요:106;단체모임 하기 좋아요:87;메뉴 구성이 알차요:75;오래 머무르기 좋아요:29;아늑해요:23;화장실이 깨끗해요:23;재료가 신선해요:22;양이 많아요:22;매장이 넓어요:18;혼술하기 좋아요:15;음식이 빨리 나와요:14;야외공간이 멋져요:8;차분한 분위기예요:7;반려동물과 가기 좋아요:4;뷰가 좋아요:4;좌석이 편해요:3;사진이 잘 나와요:3;건강한 맛이에요:3;주차하기 편해요:2;비싼 만큼 가치있어요:2;컨셉이 독특해요:1;혼밥하기 좋아요:1;파티하기 좋아요:1;특별한 날 가기 좋아요:1;집중하기 좋아요:1
2062040625,오차야,일식당,와우산로13길 49 2층,37.5484594,126.9208463,4042,15101,3933,41,음식이 맛있어요:3652;재료가 신선해요:1644;특별한 메뉴가 있어요:1419;혼밥하기 좋아요:1293;양이 많아요:1045;매장이 넓어요:997;인테리어가 멋져요:895;매장이 청결해요:847;친절해요:532;가성비가 좋아요:494;건강한 맛이에요:416;메뉴 구성이 알차요:227;차분한 분위기예요:224;대화하기 좋아요:195;뷰가 좋아요:184;아늑해요:180;반찬이 잘 나와요:172;음식이 빨리 나와요:143;고기 질이 좋아요:91;음악이 좋아요:88;잡내가 적어요:61;사진이 잘 나와요:45;단체모임 하기 좋아요:42;화장실이 깨끗해요:38;디저트가 맛있어요:31;현지 맛에 가까워요:28;좌석이 편해요:24;컨셉이 독특해요:21;향신료가 강하지 않아요:21;비싼 만큼 가치있어요:13;반려동물과 가기 좋아요:10;특별한 날 가기 좋아요:9;혼술하기 좋아요:5;야외공간이 멋져요:3;기본 안주가 좋아요:3;코스요리가 알차요:2;음료가 맛있어요:2;룸이 잘 되어있어요:2;직접 잘 구워줘요:1;오래 머무르기 좋아요:1;환기가 잘 돼요:1
38780095,투썸플레이스 합정역점,카페,독막로 5 2층,37.5489611,126.9143241,5877,6784,2699,36,커피가 맛있어요:1370;디저트가 맛있어요:1013;음료가 맛있어요:767;대화하기 좋아요:733;집중하기 좋아요:490;좌석이 편해요:449;친절해요:417;매장이 청결해요:404;인테리어가 멋져요:259;매장이 넓어요:179;특별한 메뉴가 있어요:170;가성비가 좋아요:151;뷰가 좋아요:112;화장실이 깨끗해요:88;사진이 잘 나와요:60;오래 머무르기 좋아요:30;단체모임 하기 좋아요:18;주차하기 편해요:16;차분한 분위기예요:10;아늑해요:9;메뉴 구성이 알차요:5;차가 맛있어요:5;룸이 잘 되어있어요:4;종류가 다양해요:4;빵이 맛있어요:3;비싼 만큼 가치있어요:3;음식이 빨리 나와요:2;선물하기 좋아요:2;음악이 좋아요:2;특별한 날 가기 좋아요:2;건강한 맛이에요:2;혼술하기 좋아요:1;음식이 맛있어요:1;야외공간이 멋져요:1;포장이 깔끔해요:1;파티하기 좋아요:1
35431552,빈브라더스 합정,카페,토정로 35-1,37.5456938,126.9149771,1229,2692,770,31,커피가 맛있어요:741;인테리어가 멋져요:331;친절해요:281;디저트가 맛있어요:280;음료가 맛있어요:192;대화하기 좋아요:156;특별한 메뉴가 있어요:148;집중하기 좋아요:126;매장이 청결해요:114;매장이 넓어요:71;사진이 잘 나와요:59;주차하기 편해요:38;화장실이 깨끗해요:30;좌석이 편해요:22;뷰가 좋아요:22;가성비가 좋아요:17;음악이 좋아요:14;비싼 만큼 가치있어요:10;아늑해요:8;컨셉이 독특해요:6;오래 머무르기 좋아요:6;차분한 분위기예요:5;메뉴 구성이 알차요:4;반려동물과 가기 좋아요:3;종류가 다양해요:2;주문제작을 잘해줘요:1;재료가 신선해요:1;양이 많아요:1;야외공간이 멋져요:1;건강한 맛이에요:1;차가 맛있어요:1
1386044935,도피,중식당,독막로3길 21 지층1호 도피,37.5493472,126.9168913,661,2789,625,38,음식이 맛있어요:642;인테리어가 멋져요:335;특별한 메뉴가 있어요:312;친절해요:288;재료가 신선해요:170;양이 많아요:148;술이 다양해요:117;매장이 청결해요:114;대화하기 좋아요:110;기본 안주가 좋아요:81;가성비가 좋아요:76;음악이 좋아요:74;메뉴 구성이 알차요:68;아늑해요:32;컨셉이 독특해요:27;매장이 넓어요:24;단체모임 하기 좋아요:23;화장실이 깨끗해요:22;사진이 잘 나와요:20;음료가 맛있어요:19;음식이 빨리 나와요:15;차분한 분위기예요:10;현지 맛에 가까워요:9;특별한 날 가기 좋아요:8;오래 머무르기 좋아요:8;혼술하기 좋아요:6;혼밥하기 좋아요:6;향신료가 강하지 않아요:6;잡내가 적어요:4;고기 질이 좋아요:4;뷰가 좋아요:4;좌석이 편해요:1;주차하기 편해요:1;비싼 만큼 가치있어요:1;반찬이 잘 나와요:1;집중하기 좋아요:1;건강한 맛이에요:1;환기가 잘 돼요:1
1740988081,서울브루어리 합정,"맥주,호프",토정로3안길 10,37.5459395,126.9146262,710,1577,457,30,술이 다양해요:331;음식이 맛있어요:257;인테리어가 멋져요:165;대화하기 좋아요:130;친절해요:127;특별한 메뉴가 있어요:126;매장이 청결해요:74;혼술하기 좋아요:63;음악이 좋아요:62;기본 안주가 좋아요:40;오래 머무르기 좋아요:37;단체모임 하기 좋아요:29;아늑해요:25;화장실이 깨끗해요:21;가성비가 좋아요:14;메뉴 구성이 알차요:13;비싼 만큼 가치있어요:13;차분한 분위기예요:9;음료가 맛있어요:8;사진이 잘 나와요:8;매장이 넓어요:6;컨셉이 독특해요:5;음식이 빨리 나와요:4;뷰가 좋아요:3;특별한 날 가기 좋아요:2;아이와 가기 좋아요:1;야외공간이 멋져요:1;주차하기 편해요:1;파티하기 좋아요:1;건강한 맛이에요:1
985351305,꼼보포차 홍대,요리주점,와우산로17길 19 2층,37.5500585,126.921891,1792,5787,1513,33,음식이 맛있어요:1471;가성비가 좋아요:870;음악이 좋아요:676;친절해요:415;기본 안주가 좋아요:404;양이 많아요:401;메뉴 구성이 알차요:303;대화하기 좋아요:293;인테리어가 멋져요:219;술이 다양해요:183;특별한 메뉴가 있어요:121;단체모임 하기 좋아요:108;매장이 청결해요:89;매장이 넓어요:83;오래 머무르기 좋아요:27;아늑해요:23;화장실이 깨끗해요:21;음식이 빨리 나와요:13;사진이 잘 나와요:12;재료가 신선해요:9;건강한 맛이에요:9;뷰가 좋아요:7;특별한 날 가기 좋아요:6;컨셉이 독특해요:5;음료가 맛있어요:4;파티하기 좋아요:4;혼술하기 좋아요:3;디저트가 맛있어요:2;라이브공연이 훌륭해요:2;코스요리가 알차요:1;야외공간이 멋져요:1;비싼 만큼 가치있어요:1;집중하기 좋아요:1
1286002957,79파운야드 합정점,베이커리,양화로6길 80 1층,37.5483564,126.9185627,707,2056,634,31,빵이 맛있어요:319;인테리어가 멋져요:271;커피가 맛있어요:238;음료가 맛있어요:237;친절해요:217;특별한 메뉴가 있어요:164;매장이 청결해요:116;대화하기 좋아요:116;사진이 잘 나와요:108;디저트가 맛있어요:93;가성비가 좋아요:37;좌석이 편해요:28;뷰가 좋아요:24;화장실이 깨끗해요:23;아늑해요:12;집중하기 좋아요:12;음식이 맛있어요:5;매장이 넓어요:5;오래 머무르기 좋아요:4;차분한 분위기예요:3;컨셉이 독특해요:3;메뉴 구성이 알차요:3;야외공간이 멋져요:3;주차하기 편해요:3;반려동물과 가기 좋아요:3;종류가 다양해요:3;비싼 만큼 가치있어요:2;아이와 가기 좋아요:1;룸이 잘 되어있어요:1;특별한 날 가기 좋아요:1;단체모임 하기 좋아요:1
1519042097,머씨커피,"카페,디저트",양화로8길 32-10,37.5495045,126.9160008,1009,2502,925,31,커피가 맛있어요:515;인테리어가 멋져요:361;디저트가 맛있어요:351;대화하기 좋아요:229;음료가 맛있어요:206;친절해요:177;사진이 잘 나와요:137;매장이 청결해요:133;뷰가 좋아요:129;특별한 메뉴가 있어요:60;좌석이 편해요:53;매장이 넓어요:30;화장실이 깨끗해요:30;집중하기 좋아요:18;야외공간이 멋져요:17;가성비가 좋아요:15;주차하기 편해요:8;아늑해요:6;차분한 분위기예요:5;비싼 만큼 가치있어요:5;컨셉이 독특해요:3;빵이 맛있어요:2;음식이 맛있어요:2;음악이 좋아요:2;오래 머무르기 좋아요:2;음식이 빨리 나와요:1;선물하기 좋아요:1;룸이 잘 되어있어요:1;특별한 날 가기 좋아요:1;건강한 맛이에요:1;단체모임 하기 좋아요:1
1414076813,소코아 홍대점,카레,와우산로15길 49 1층 소코아 홍대점,37.5486254,126.9208781,3251,10213,2785,44,음식이 맛있어요:2600;인테리어가 멋져요:1138;친절해요:1081;특별한 메뉴가 있어요:1055;양이 많아요:833;재료가 신선해요:788;매장이 청결해요:463;가성비가 좋아요:425;혼밥하기 좋아요:424;아늑해요:245;매장이 넓어요:240;메뉴 구성이 알차요:118;대화하기 좋아요:109;차분한 분위기예요:107;사진이 잘 나와요:104;뷰가 좋아요:92;특별한 날 가기 좋아요:62;음악이 좋아요:59;컨셉이 독특해요:57;단체모임 하기 좋아요:40;화장실이 깨끗해요:27;아이와 가기 좋아요:25;음식이 빨리 나와요:23;향신료가 강하지 않아요:14;건강한 맛이에요:14;음료가 맛있어요:11;고기 질이 좋아요:10;현지 맛에 가까워요:8;비싼 만큼 가치있어요:8;잡내가 적어요:5;환기가 잘 돼요:5;좌석이 편해요:4;반찬이 잘 나와요:4;주차하기 편해요:3;반려동물과 가기 좋아요:2;오래 머무르기 좋아요:2;코스요리가 알차요:1;디저트가 맛있어요:1;혼술하기 좋아요:1;야외공간이 멋져요:1;룸이 잘 되어있어요:1;샐러드바가 잘 되어있어요:1;기본 안주가 좋아요:1;집중하기 좋아요:1
38276438,콜린,"카페,디저트",어울마당로 45 1~2층,37.549231,126.9204345,3321,5189,1838,34,인테리어가 멋져요:922;커피가 맛있어요:743;디저트가 맛있어요:709;음료가 맛있어요:514;사진이 잘 나와요:380;대화하기 좋아요:351;친절해요:347;뷰가 좋아요:274;특별한 메뉴가 있어요:269;매장이 청결해요:192;좌석이 편해요:110;화장실이 깨끗해요:79;매장이 넓어요:71;가성비가 좋아요:44;야외공간이 멋져요:38;집중하기 좋아요:28;아늑해요:17;컨셉이 독특해요:13;주차하기 편해요:11;오래 머무르기 좋아요:11;비싼 만큼 가치있어요:8;음식이 맛있어요:7;양이 많아요:7;음악이 좋아요:7;메뉴 구성이 알차요:6;종류가 다양해요:6;특별한 날 가기 좋아요:5;차분한 분위기예요:4;빵이 맛있어요:3;재료가 신선해요:3;차가 맛있어요:3;단체모임 하기 좋아요:3;음식이 빨리 나와요:2;건강한 맛이에요:2
1450843022,민규아빠네베이글 합정점,베이글,독막로8길 15 1층,37.5471801,126.9181967,836,1817,532,30,커피가 맛있어요:268;인테리어가 멋져요:202;디저트가 맛있어요:187;친절해요:157;음료가 맛있어요:136;빵이 맛있어요:120;대화하기 좋아요:117;매장이 청결해요:110;특별한 메뉴가 있어요:100;사진이 잘 나와요:75;화장실이 깨끗해요:68;집중하기 좋아요:58;주차하기 편해요:55;매장이 넓어요:39;뷰가 좋아요:28;가성비가 좋아요:25;좌석이 편해요:24;종류가 다양해요:9;음식이 맛있어요:7;메뉴 구성이 알차요:6;혼밥하기 좋아요:4;음악이 좋아요:4;비싼 만큼 가치있어요:4;오래 머무르기 좋아요:4;차분한 분위기예요:3;아늑해요:2;양이 많아요:2;컨셉이 독특해요:1;포장이 깔끔해요:1;건강한 맛이에요:1
374694216,금옥당 서교점,"카페,디저트",어울마당로 39 1층,37.5487459,126.9203418,1310,1785,748,32,디저트가 맛있어요:458;특별한 메뉴가 있어요:274;친절해요:189;인테리어가 멋져요:167;매장이 청결해요:136;대화하기 좋아요:95;음료가 맛있어요:84;커피가 맛있어요:76;좌석이 편해요:43;가성비가 좋아요:32;사진이 잘 나와요:28;건강한 맛이에요:22;화장실이 깨끗해요:22;뷰가 좋아요:18;비싼 만큼 가치있어요:17;음식이 맛있어요:14;아늑해요:12;집중하기 좋아요:11;차분한 분위기예요:10;메뉴 구성이 알차요:7;종류가 다양해요:7;매장이 넓어요:4;재료가 신선해요:3;선물하기 좋아요:3;컨셉이 독특해요:2;주문제작을 잘해줘요:2;음식이 빨리 나와요:2;포장이 깔끔해요:2;차가 맛있어요:2;혼밥하기 좋아요:1;아이와 가기 좋아요:1;음악이 좋아요:1
1938863389,바코포차,요리주점,독막로3길 35 1층,37.5498728,126.9173497,658,1354,438,27,음식이 맛있어요:373;기본 안주가 좋아요:159;가성비가 좋아요:104;단체모임 하기 좋아요:98;대화하기 좋아요:90;음악이 좋아요:84;술이 다양해요:83;친절해요:79;특별한 메뉴가 있어요:79;인테리어가 멋져요:63;매장이 넓어요:29;메뉴 구성이 알차요:25;오래 머무르기 좋아요:21;매장이 청결해요:18;컨셉이 독특해요:8;음식이 빨리 나와요:8;양이 많아요:8;화장실이 깨끗해요:6;재료가 신선해요:4;음료가 맛있어요:3;건강한 맛이에요:3;차분한 분위기예요:2;아늑해요:2;반려동물과 가기 좋아요:2;혼술하기 좋아요:1;사진이 잘 나와요:1;비싼 만큼 가치있어요:1
1269422309,제이케이펍,"맥주,호프",어울마당로5길 46 2층,37.5499484,126.9182128,1720,6689,1482,37,음식이 맛있어요:1431;술이 다양해요:909;친절해요:759;인테리어가 멋져요:534;단체모임 하기 좋아요:465;기본 안주가 좋아요:434;대화하기 좋아요:381;특별한 메뉴가 있어요:352;가성비가 좋아요:182;매장이 청결해요:178;음악이 좋아요:158;컨셉이 독특해요:144;화장실이 깨끗해요:102;메뉴 구성이 알차요:98;오래 머무르기 좋아요:94;야외공간이 멋져요:81;뷰가 좋아요:52;매장이 넓어요:40;특별한 날 가기 좋아요:40;음료가 맛있어요:35;양이 많아요:34;사진이 잘 나와요:32;파티하기 좋아요:31;아늑해요:24;음식이 빨리 나와요:20;집중하기 좋아요:17;라이브공연이 훌륭해요:15;재료가 신선해요:13;혼술하기 좋아요:10;좌석이 편해요:7;디저트가 맛있어요:3;반려동물과 가기 좋아요:3;비싼 만큼 가치있어요:3;건강한 맛이에요:3;차분한 분위기예요:2;룸이 잘 되어있어요:2;주차하기 편해요:1
1033794956,해머플레이스,"카페,디저트",독막로8길 15-9 1층,37.5469253,126.918318,6754,28320,6543,42,디저트가 맛있어요:5624;인테리어가 멋져요:4334;커피가 맛있어요:3881;친절해요:3399;특별한 메뉴가 있어요:2767;사진이 잘 나와요:1702;음악이 좋아요:1634;대화하기 좋아요:1245;컨셉이 독특해요:764;매장이 청결해요:757;아늑해요:528;음료가 맛있어요:371;빵이 맛있어요:278;재료가 신선해요:262;화장실이 깨끗해요:121;차분한 분위기예요:103;좌석이 편해요:93;음식이 맛있어요:84;선물하기 좋아요:75;메뉴 구성이 알차요:51;가성비가 좋아요:51;종류가 다양해요:47;뷰가 좋아요:24;차가 맛있어요:20;특별한 날 가기 좋아요:18;집중하기 좋아요:18;음식이 빨리 나와요:14;오래 머무르기 좋아요:12;비싼 만큼 가치있어요:10;주차하기 편해요:9;포장이 깔끔해요:4;건강한 맛이에요:4;룸이 잘 되어있어요:3;매장이 넓어요:3;아이와 가기 좋아요:2;야외공간이 멋져요:2;술이 다양해요:1;주문제작을 잘해줘요:1;양이 많아요:1;파티하기 좋아요:1;반려동물과 가기 좋아요:1;단체모임 하기 좋아요:1
1927755569,서교주담 합정,요리주점,어울마당로5길 46 1층 서교주담 합정,37.5499208,126.9182087,1419,4927,1314,32,음식이 맛있어요:1192;술이 다양해요:619;인테리어가 멋져요:570;특별한 메뉴가 있어요:466;대화하기 좋아요:389;기본 안주가 좋아요:362;친절해요:291;음악이 좋아요:253;매장이 청결해요:198;가성비가 좋아요:128;메뉴 구성이 알차요:81;단체모임 하기 좋아요:79;매장이 넓어요:40;오래 머무르기 좋아요:40;아늑해요:34;화장실이 깨끗해요:33;양이 많아요:27;음식이 빨리 나와요:18;재료가 신선해요:18;사진이 잘 나와요:15;뷰가 좋아요:15;차분한 분위기예요:12;야외공간이 멋져요:11;건강한 맛이에요:7;비싼 만큼 가치있어요:6;특별한 날 가기 좋아요:6;컨셉이 독특해요:5;혼술하기 좋아요:4;음료가 맛있어요:4;집중하기 좋아요:2;라이브공연이 훌륭해요:1;반려동물과 가기 좋아요:1
1022434008,베니케이크,"카페,디저트",독막로15길 17 1층 베니케이크,37.5485432,126.9219619,4725,18925,4474,41,디저트가 맛있어요:3973;인테리어가 멋져요:3159;친절해요:2065;사진이 잘 나와요:1762;특별한 메뉴가 있어요:1702;음료가 맛있어요:1584;커피가 맛있어요:1266;매장이 청결해요:869;대화하기 좋아요:719;좌석이 편해요:269;아늑해요:268;뷰가 좋아요:262;화장실이 깨끗해요:144;음악이 좋아요:103;컨셉이 독특해요:92;가성비가 좋아요:81;선물하기 좋아요:70;음식이 맛있어요:68;비싼 만큼 가치있어요:63;집중하기 좋아요:56;종류가 다양해요:53;차분한 분위기예요:39;매장이 넓어요:39;특별한 날 가기 좋아요:37;메뉴 구성이 알차요:36;주문제작을 잘해줘요:33;야외공간이 멋져요:22;빵이 맛있어요:21;룸이 잘 되어있어요:18;포장이 깔끔해요:9;주차하기 편해요:9;파티하기 좋아요:8;아이와 가기 좋아요:7;음식이 빨리 나와요:4;오래 머무르기 좋아요:4;양이 많아요:3;재료가 신선해요:2;건강한 맛이에요:2;차가 맛있어요:2;코스요리가 알차요:1;기본 안주가 좋아요:1
1972391847,드롭탑 홍대점,카페,"어울마당로 45-1 1층, 2층",37.5493189,126.9205592,1519,1641,755,31,커피가 맛있어요:366;음료가 맛있어요:215;대화하기 좋아요:161;친절해요:149;디저트가 맛있어요:119;좌석이 편해요:109;매장이 청결해요:106;집중하기 좋아요:85;화장실이 깨끗해요:58;인테리어가 멋져요:57;가성비가 좋아요:56;특별한 메뉴가 있어요:39;매장이 넓어요:32;뷰가 좋아요:25;주차하기 편해요:16;사진이 잘 나와요:15;아늑해요:8;오래 머무르기 좋아요:5;차분한 분위기예요:4;음식이 빨리 나와요:3;메뉴 구성이 알차요:2;야외공간이 멋져요:2;혼술하기 좋아요:1;혼밥하기 좋아요:1;음식이 맛있어요:1;양이 많아요:1;음악이 좋아요:1;룸이 잘 되어있어요:1;건강한 맛이에요:1;단체모임 하기 좋아요:1;종류가 다양해요:1
1818232658,칼누들바 홍대점,요리주점,잔다리로 14 1층,37.5508933,126.921649,653,2429,611,30,음식이 맛있어요:586;기본 안주가 좋아요:323;음악이 좋아요:248;술이 다양해요:199;인테리어가 멋져요:191;친절해요:169;가성비가 좋아요:146;특별한 메뉴가 있어요:145;대화하기 좋아요:139;매장이 청결해요:49;단체모임 하기 좋아요:48;화장실이 깨끗해요:31;매장이 넓어요:30;메뉴 구성이 알차요:26;양이 많아요:25;오래 머무르기 좋아요:11;컨셉이 독특해요:10;음식이 빨리 나와요:9;사진이 잘 나와요:9;아늑해요:7;혼술하기 좋아요:5;디저트가 맛있어요:4;재료가 신선해요:4;주차하기 편해요:4;뷰가 좋아요:4;차분한 분위기예요:2;야외공간이 멋져요:2;좌석이 편해요:1;파티하기 좋아요:1;건강한 맛이에요:1
1518470167,킹케밥 홍대점,터키음식,와우산로19길 19 1층,37.5512261,126.9220356,406,1171,337,27,음식이 맛있어요:300;재료가 신선해요:140;매장이 넓어요:111;특별한 메뉴가 있어요:107;친절해요:101;혼밥하기 좋아요:97;양이 많아요:82;가성비가 좋아요:68;매장이 청결해요:43;인테리어가 멋져요:33;단체모임 하기 좋아요:16;화장실이 깨끗해요:14;현지 맛에 가까워요:9;뷰가 좋아요:8;특별한 날 가기 좋아요:7;향신료가 강하지 않아요:6;잡내가 적어요:5;컨셉이 독특해요:4;메뉴 구성이 알차요:4;음식이 빨리 나와요:3;고기 질이 좋아요:3;음악이 좋아요:3;아늑해요:2;주차하기 편해요:2;포장이 깔끔해요:1;건강한 맛이에요:1;환기가 잘 돼요:1
365735446,육값하네,"육류,고기요리",양화로6길 94 육값하네,37.5482863,126.9193254,147,188,93,21,음식이 맛있어요:64;친절해요:30;가성비가 좋아요:14;고기 질이 좋아요:13;매장이 넓어요:10;단체모임 하기 좋아요:10;재료가 신선해요:6;양이 많아요:6;특별한 메뉴가 있어요:6;화장실이 깨끗해요:5;뷰가 좋아요:5;특별한 날 가기 좋아요:4;매장이 청결해요:4;주차하기 편해요:3;혼밥하기 좋아요:2;음식이 빨리 나와요:1;인테리어가 멋져요:1;잡내가 적어요:1;메뉴 구성이 알차요:1;야외공간이 멋져요:1;직접 잘 구워줘요:1
37322669,철판집,요리주점,독막로3길 24-11 1층 철판집,37.5491589,126.9176256,1310,4821,1197,32,음식이 맛있어요:1184;친절해요:659;특별한 메뉴가 있어요:461;대화하기 좋아요:362;기본 안주가 좋아요:353;인테리어가 멋져요:297;음악이 좋아요:271;가성비가 좋아요:269;술이 다양해요:175;매장이 청결해요:154;메뉴 구성이 알차요:151;아늑해요:97;재료가 신선해요:70;혼술하기 좋아요:57;사진이 잘 나와요:47;특별한 날 가기 좋아요:35;오래 머무르기 좋아요:30;코스요리가 알차요:19;단체모임 하기 좋아요:18;비싼 만큼 가치있어요:16;음식이 빨리 나와요:15;양이 많아요:15;컨셉이 독특해요:14;화장실이 깨끗해요:12;라이브공연이 훌륭해요:11;차분한 분위기예요:10;건강한 맛이에요:10;음료가 맛있어요:4;좌석이 편해요:2;아이와 가기 좋아요:1;야외공간이 멋져요:1;주차하기 편해요:1
1269507110,마포오리농장,오리요리,양화로 58 명지빌드웰 1층 마포 오리농장,37.5500423,126.9153198,954,2735,646,29,음식이 맛있어요:690;고기 질이 좋아요:315;매장이 넓어요:313;단체모임 하기 좋아요:271;친절해요:207;양이 많아요:196;특별한 메뉴가 있어요:140;가성비가 좋아요:86;혼밥하기 좋아요:76;매장이 청결해요:67;재료가 신선해요:61;반찬이 잘 나와요:59;건강한 맛이에요:58;잡내가 적어요:51;직접 잘 구워줘요:47;인테리어가 멋져요:22;주차하기 편해요:20;특별한 날 가기 좋아요:12;메뉴 구성이 알차요:11;룸이 잘 되어있어요:9;음식이 빨리 나와요:7;아이와 가기 좋아요:3;비싼 만큼 가치있어요:3;차분한 분위기예요:2;좌석이 편해요:2;아늑해요:2;오래 머무르기 좋아요:2;환기가 잘 돼요:2;뷰가 좋아요:1
1724788044,터틀탭스,"맥주,호프",양화로6길 57-7 1층 일부,37.5490191,126.9175228,194,834,165,26,술이 다양해요:157;음식이 맛있어요:135;특별한 메뉴가 있어요:74;인테리어가 멋져요:71;대화하기 좋아요:67;친절해요:66;혼술하기 좋아요:50;음악이 좋아요:43;기본 안주가 좋아요:43;매장이 청결해요:26;아늑해요:15;화장실이 깨끗해요:14;가성비가 좋아요:13;음료가 맛있어요:11;메뉴 구성이 알차요:11;단체모임 하기 좋아요:8;차분한 분위기예요:6;사진이 잘 나와요:6;오래 머무르기 좋아요:6;비싼 만큼 가치있어요:4;매장이 넓어요:3;컨셉이 독특해요:1;혼밥하기 좋아요:1;음식이 빨리 나와요:1;반려동물과 가기 좋아요:1;뷰가 좋아요:1
